time,observation,CCCma-CanESM2_CLMcom-CCLM4-8-17,CCCma-CanESM2_GERICS-REMO2015
1951-01-01,NA,2.51751881442033,2.30559894698672
1951-02-01,NA,5.33307495061308,3.44425388029777
1951-03-01,NA,2.97933572146576,1.18642655579606
1951-04-01,NA,1.453616967774,1.41082309564808
1951-05-01,NA,3.47880282788537,5.49689704785123
1951-06-01,NA,5.29504112200812,10.0688993814401
1951-07-01,NA,2.1323926281184,8.05319038918242
1951-08-01,NA,1.06764388183365,5.3821109700948
1951-09-01,NA,1.55786133545917,4.11062602652237
1951-10-01,NA,1.88307346834335,0.954307061329018
1951-11-01,NA,0.149537664401578,0.0520835591487412
1951-12-01,NA,2.976265194593,1.49971997598186
1952-01-01,NA,2.76405347976834,0.843112380243838
1952-02-01,NA,6.89491614466533,6.80523177143186
1952-03-01,NA,1.86939019476995,2.8778512525605
1952-04-01,NA,6.50803887401707,3.1649048498366
1952-05-01,NA,4.86008116859011,4.1280034405645
1952-06-01,NA,4.35007164487615,7.46845646062866
1952-07-01,NA,0.995260149647947,4.63752529467456
1952-08-01,NA,1.5658684365917,2.88382925209589
1952-09-01,NA,1.07690449658548,2.70381614682265
1952-10-01,NA,2.12293957010843,0.675876949389931
1952-11-01,NA,2.77358142484445,1.42249050841201
1952-12-01,NA,5.02715177717619,4.74908737814985
1953-01-01,NA,2.55094304156955,0.874933745217277
1953-02-01,NA,1.30700011504814,0.37518148055824
1953-03-01,NA,5.30758600216359,2.72603159537539
1953-04-01,NA,6.305044319015,3.93632335471921
1953-05-01,NA,5.09585645631887,6.3241399708204
1953-06-01,NA,4.01559921156149,4.98839202336967
1953-07-01,NA,2.01952006027568,8.16773695405573
1953-08-01,NA,1.81971083802637,8.97719400236383
1953-09-01,NA,0.853187480242923,3.15860302071087
1953-10-01,NA,0.328743690624833,1.19588613597443
1953-11-01,NA,4.97786037158221,1.32649373699678
1953-12-01,NA,6.59829452633858,5.01110897166654
1954-01-01,NA,1.17996285116533,1.00349159765756
1954-02-01,NA,5.86043139919639,2.41973728698213
1954-03-01,NA,1.58482814440504,0.52084180424572
1954-04-01,NA,1.77441987907514,1.62351434701122
1954-05-01,NA,8.20889985188842,8.67964985081926
1954-06-01,NA,1.0515345580643,3.70943408925086
1954-07-01,NA,2.11745646956842,5.46881714835763
1954-08-01,NA,0.575450780888787,4.06501752440818
1954-09-01,NA,0.137932762299897,1.31525179749588
1954-10-01,NA,5.62210932257585,6.88545758603141
1954-11-01,NA,2.96968071197625,2.03089228598401
1954-12-01,NA,9.11363462219015,6.04411326348782
1955-01-01,NA,1.23265289585106,0.479088620704715
1955-02-01,NA,0.909869445604272,2.14071695809253
1955-03-01,NA,2.63118975854013,1.30929100705544
1955-04-01,NA,2.18774595705327,4.3453594960738
1955-05-01,NA,8.16092372406274,6.47119113709778
1955-06-01,NA,3.21515894320328,6.94044182309881
1955-07-01,NA,5.22061249357648,9.8779573221691
1955-08-01,NA,0.839634237490827,7.10663861827925
1955-09-01,NA,2.14680748467799,4.29051497485489
1955-10-01,NA,0.591750111925649,1.18554763466818
1955-11-01,NA,3.88734548469074,3.13451641704887
1955-12-01,NA,9.78324600728229,6.36706212535501
1956-01-01,NA,4.82594319619238,1.90789024054538
1956-02-01,NA,5.31670682248659,3.40690762968734
1956-03-01,NA,4.52464227564633,1.69957053149119
1956-04-01,NA,2.43709521309938,2.53673335828353
1956-05-01,NA,2.94697743665893,6.5344784874469
1956-06-01,NA,6.69665244058706,8.01924745319411
1956-07-01,NA,3.77488381345756,7.91855114512146
1956-08-01,NA,0.875334956799634,5.51003866712563
1956-09-01,NA,0.687537997146137,3.30726319807582
1956-10-01,NA,1.22553414548747,1.91992961335927
1956-11-01,NA,3.5729706811253,2.23031835048459
1956-12-01,NA,5.15129755949602,1.67934347991832
1957-01-01,NA,1.93470625381451,0.114081258743681
1957-02-01,NA,1.03362774825655,0.252951042511995
1957-03-01,NA,3.16230352618732,1.6996427468257
1957-04-01,NA,2.32064378215,3.43758539529517
1957-05-01,NA,4.85279425629415,6.84525776887313
1957-06-01,NA,4.15183890145272,9.03028508182615
1957-07-01,NA,6.05776769807562,10.0070135900751
1957-08-01,NA,2.86924222600646,3.51462430553511
1957-09-01,NA,0.686753922491334,1.04478694265708
1957-10-01,NA,3.60214787651785,4.32896229322068
1957-11-01,NA,0.738629874831531,0.306526292297349
1957-12-01,NA,4.58175431122072,2.80519107473083
1958-01-01,NA,2.7324721973855,2.12192776962183
1958-02-01,NA,0.852373191446532,0.457320245186565
1958-03-01,NA,1.4892798702931,0.660049120051553
1958-04-01,NA,0.54232492329902,1.78972615103703
1958-05-01,NA,2.87851737812161,5.32224720809609
1958-06-01,NA,5.26627411600202,6.37765506980941
1958-07-01,NA,2.5896473962348,8.72986614704132
1958-08-01,NA,1.8777244258672,4.07049850327894
1958-09-01,NA,3.44384856289253,1.68753233738244
1958-10-01,NA,2.43387420487124,2.15965764946304
1958-11-01,NA,2.267896963167,2.55466507805977
1958-12-01,NA,4.73026801482774,2.20362012914848
1959-01-01,NA,2.90175767149776,0.954110178281553
1959-02-01,NA,0.732184931257507,0.0592910389968893
1959-03-01,NA,2.99469134188257,3.35732107632793
1959-04-01,NA,3.43205443932675,3.18956068949774
1959-05-01,NA,5.13613595394418,6.00927105406299
1959-06-01,NA,3.04610763851088,9.64525012532249
1959-07-01,NA,5.8230240130797,8.66004216950387
1959-08-01,NA,1.00017224613111,5.12975255842321
1959-09-01,NA,1.20117404294433,3.24933015508577
1959-10-01,NA,0.954138702945784,1.93486985808704
1959-11-01,NA,1.11478564358549,0.713358770735795
1959-12-01,NA,3.35130135063082,1.65424554725178
1960-01-01,NA,2.79938273015432,1.14405434578657
1960-02-01,NA,0.987882752087899,0.371799964614183
1960-03-01,NA,3.89640076900832,2.20351011666935
1960-04-01,NA,3.15572352265008,2.3183163109934
1960-05-01,NA,3.44120197696611,5.55253475904465
1960-06-01,NA,2.03474052250385,5.30429647187702
1960-07-01,NA,0.357504498606431,5.94581931363791
1960-08-01,NA,3.63278509466909,4.8044981493149
1960-09-01,NA,1.39138110098429,3.13448176311795
1960-10-01,NA,4.69137263135053,1.54641646222444
1960-11-01,NA,2.24925762740895,1.38647430867422
1960-12-01,NA,2.99767440883443,3.36056062951684
1961-01-01,NA,1.80752161249984,0.198416702460236
1961-02-01,NA,5.86171288741753,3.30272251158021
1961-03-01,NA,2.84475549124181,1.82203237636713
1961-04-01,NA,0.860085341264494,1.69549342972459
1961-05-01,NA,4.29008451174013,5.87111769709736
1961-06-01,NA,5.19966753199697,5.01428204588592
1961-07-01,NA,4.77318191842642,8.15138344187289
1961-08-01,NA,6.91142980358563,7.18845867086202
1961-09-01,NA,1.68300127697876,2.80009097477887
1961-10-01,NA,2.5731650122907,4.34916545636952
1961-11-01,NA,3.64742225501686,2.08042171143461
1961-12-01,NA,3.75134868663736,2.08545973291621
1962-01-01,NA,4.19682206120342,3.00605028751306
1962-02-01,NA,4.02664910070598,3.02568295737728
1962-03-01,NA,0.712910155561985,1.57923047372606
1962-04-01,NA,2.55831757094711,1.49251808761619
1962-05-01,NA,3.64988009096123,5.39547119988129
1962-06-01,NA,2.97898910357617,6.20346743962727
1962-07-01,NA,3.60563354333863,5.14471755595878
1962-08-01,NA,2.73280427791178,4.8129087605048
1962-09-01,NA,0.429598514892859,1.2487683488871
1962-10-01,NA,2.45070980745368,2.65441983647179
1962-11-01,NA,5.51694540772587,2.855328869191
1962-12-01,NA,6.26043457305059,4.50645422679372
1963-01-01,NA,3.00887273624539,2.07970584451687
1963-02-01,NA,4.50083871837705,3.67705191601999
1963-03-01,NA,3.93319805734791,4.04548606602475
1963-04-01,NA,5.38045261055231,2.18114913732279
1963-05-01,NA,4.42360194283538,3.51577959372662
1963-06-01,NA,9.13859032443725,7.09401170024648
1963-07-01,NA,5.99804428056814,7.68746993271634
1963-08-01,NA,1.82569363096263,5.63603800255805
1963-09-01,NA,0.774873328919057,4.30661105783656
1963-10-01,NA,0.687656457012054,3.46693012397736
1963-11-01,NA,0.233521156587813,0.234488959449664
1963-12-01,NA,3.09525154880248,1.72011669783387
1964-01-01,NA,2.38509003538638,2.27601942024194
1964-02-01,NA,0.158637405547779,0.417719337929157
1964-03-01,NA,6.01790891960263,4.21797808958218
1964-04-01,NA,3.2196164916968,3.69675342226401
1964-05-01,NA,4.49080416583456,5.23357714992017
1964-06-01,NA,5.11168410885148,5.22457089973614
1964-07-01,NA,2.61864845379023,5.44007057324052
1964-08-01,NA,2.9228905972559,8.06295981165022
1964-09-01,NA,3.13894646242261,1.89725580567028
1964-10-01,NA,0.458455966872862,0.43628569219436
1964-11-01,NA,1.93339734105393,3.13137736811768
1964-12-01,NA,4.26319290418178,2.01519743422978
1965-01-01,NA,3.13857147702947,0.0151040170674577
1965-02-01,NA,3.15584280760959,2.20196939189918
1965-03-01,NA,4.66877622529864,4.81844317400828
1965-04-01,NA,5.87504199938849,2.63291632581968
1965-05-01,NA,7.35344658605754,4.36248340993188
1965-06-01,NA,2.77089570590761,5.58427555952221
1965-07-01,NA,2.8017499629641,6.02703304030001
1965-08-01,NA,1.91453228326282,3.48034488852136
1965-09-01,NA,0.334288201702293,3.01371815730818
1965-10-01,NA,1.72186098498059,0.435058277071221
1965-11-01,NA,1.61867827700917,0.590205792104825
1965-12-01,NA,3.54760683258064,1.81965194205986
1966-01-01,NA,2.20743182580918,0.921146235486958
1966-02-01,NA,3.22978408075869,2.18394376861397
1966-03-01,NA,4.33451179414988,2.71941175160464
1966-04-01,NA,5.55989742279053,3.0184468079824
1966-05-01,NA,5.85390985943377,5.33542418852448
1966-06-01,NA,6.67810920858756,11.8267406942323
1966-07-01,NA,4.23751269117929,4.79463615920395
1966-08-01,NA,2.33775960223284,5.69074940867722
1966-09-01,NA,1.55910196190234,4.91018368047662
1966-10-01,NA,0.986097878194414,1.43112287332769
1966-11-01,NA,4.5204377558548,1.37742491788231
1966-12-01,NA,3.57009118306451,2.59177495900076
1967-01-01,NA,3.72914266772568,3.16034326096997
1967-02-01,NA,6.04597530327737,5.10102201369591
1967-03-01,NA,6.55991462990642,5.45840698177926
1967-04-01,NA,5.83454514853656,2.64817026327364
1967-05-01,NA,2.06995040934999,3.69233453529887
1967-06-01,NA,3.98223140509799,8.29960859846324
1967-07-01,NA,3.62354938988574,12.3961043078452
1967-08-01,NA,5.45860280399211,9.45218325359747
1967-09-01,NA,2.914580097422,4.22696060850285
1967-10-01,NA,6.3932754273992,5.22516198107041
1967-11-01,NA,4.49641684535891,2.37954391341191
1967-12-01,NA,5.24680064991117,4.05170145677403
1968-01-01,NA,3.80370456841774,1.64430069416994
1968-02-01,NA,0.490872381487861,0.0116208672253038
1968-03-01,NA,2.45112612610683,1.24659328430425
1968-04-01,NA,4.06448569265194,1.95516275998671
1968-05-01,NA,5.04681320744567,5.37783195613883
1968-06-01,NA,4.15353167918511,7.02314889058471
1968-07-01,NA,4.29216201882809,6.04916440788656
1968-08-01,NA,0.516614073785604,4.95742068160325
1968-09-01,NA,0.836855243687751,1.18259175651474
1968-10-01,NA,3.25485969660804,3.10231529292651
1968-11-01,NA,5.57080704602413,2.17122459725942
1968-12-01,NA,0.7894101421698,0.426127837272361
1969-01-01,NA,8.32515475340188,4.42958646453917
1969-02-01,NA,1.76539563399274,0.659235774219269
1969-03-01,NA,0.564279779791832,1.31476326350821
1969-04-01,NA,2.49382919864729,2.0357133471407
1969-05-01,NA,6.99883047491312,3.52627792744897
1969-06-01,NA,5.51666141836904,9.22973362030461
1969-07-01,NA,2.58063250221312,8.00714419456199
1969-08-01,NA,0.867495546117425,4.22869173344225
1969-09-01,NA,3.82693826104514,2.15398658474442
1969-10-01,NA,6.19109496474266,0.505392280319938
1969-11-01,NA,8.25239815749228,4.51989005086944
1969-12-01,NA,4.05199754750356,2.28234097303357
1970-01-01,NA,3.08457908104174,3.08751264237799
1970-02-01,NA,2.12992080487311,1.30385328666307
1970-03-01,NA,2.43556894711219,4.05005472712219
1970-04-01,NA,5.10827262187377,1.52238993323408
1970-05-01,NA,5.21336251404136,6.11670829821378
1970-06-01,NA,5.51295651239343,6.65075287688524
1970-07-01,NA,3.68028502562083,5.69991391967051
1970-08-01,NA,1.98356868932024,9.82931986218318
1970-09-01,NA,2.14645222295076,8.38599385460839
1970-10-01,NA,1.1273016454652,2.40750130615197
1970-11-01,NA,2.83851079002488,4.49721475015394
1970-12-01,NA,3.35880310158245,1.43404606205877
1971-01-01,NA,5.5561005778145,2.60952893004287
1971-02-01,NA,3.69875596370548,1.92058988468489
1971-03-01,NA,1.47359979164321,1.1851278191898
1971-04-01,NA,0.337213905004319,1.72992423176765
1971-05-01,NA,4.17925621150061,6.75653144717216
1971-06-01,NA,2.32903584837914,10.777843685355
1971-07-01,NA,0.554662832655595,5.77699824934825
1971-08-01,NA,0.401297942153178,3.71056360309012
1971-09-01,NA,1.15888469590573,2.24175689800177
1971-10-01,NA,6.93837107392028,4.49586835457012
1971-11-01,NA,2.60233749286272,0.859567732550204
1971-12-01,NA,3.88062152196653,1.5447670215508
1972-01-01,NA,0.609426563460147,0.0619424448373707
1972-02-01,NA,3.49941005115397,2.22321625915356
1972-03-01,NA,4.38320630346425,3.10817620775197
1972-04-01,NA,5.85757374647073,4.35970386606641
1972-05-01,NA,7.2578564286232,3.73796315398067
1972-06-01,NA,4.18694388354197,7.75619944324717
1972-07-01,NA,2.16363750805613,7.23846672917716
1972-08-01,NA,0.511211262710276,7.78812836506404
1972-09-01,NA,4.76395352161489,6.77085098577663
1972-10-01,NA,8.06994749000296,4.97634927160107
1972-11-01,NA,6.65222704410553,6.67839241214097
1972-12-01,NA,3.08104453724809,2.18415082781576
1973-01-01,NA,2.71082472754642,1.63620900129899
1973-02-01,NA,1.30366512603359,0.304936774045927
1973-03-01,NA,6.94225262850523,4.27837226889096
1973-04-01,NA,2.78633226407692,3.34858247078955
1973-05-01,NA,4.22497126855887,4.25106229959056
1973-06-01,NA,5.64800563151948,5.88332342449576
1973-07-01,NA,2.1779432951007,10.364797746297
1973-08-01,NA,0.968547941010911,5.39619932533242
1973-09-01,NA,1.45947249984602,2.8121663373895
1973-10-01,NA,1.57456857705256,3.62304506124929
1973-11-01,NA,3.99832827388309,1.45945096883224
1973-12-01,NA,0.487651726871263,0.0160385158210374
1974-01-01,NA,4.4039323402103,5.6076418957673
1974-02-01,NA,2.64253094501328,0.576099746467662
1974-03-01,NA,5.10509011801332,2.5858952634735
1974-04-01,NA,4.72195845795795,5.07842702209018
1974-05-01,NA,4.94280285201967,3.07051429990679
1974-06-01,NA,6.19548619142734,8.19509894354269
1974-07-01,NA,5.76240729424171,10.2705038501881
1974-08-01,NA,0.606298162165331,6.24593178508803
1974-09-01,NA,1.85918087954633,3.04098286433145
1974-10-01,NA,2.16998695686925,2.05277530039893
1974-11-01,NA,6.63351455004886,5.60400802642107
1974-12-01,NA,5.18851399538107,3.12200155458413
1975-01-01,NA,3.54693779954687,2.93837744684424
1975-02-01,NA,1.55077417439315,0.487628850169131
1975-03-01,NA,4.03735630097799,2.47701308398973
1975-04-01,NA,3.31115936860442,1.37722406652756
1975-05-01,NA,2.85339257097803,2.95882106584031
1975-06-01,NA,4.72705565043725,4.83109979541041
1975-07-01,NA,2.69680937344674,7.74812987074256
1975-08-01,NA,1.58421376399929,6.53360655996948
1975-09-01,NA,0.674833127413876,2.1041294792667
1975-10-01,NA,2.09939996420871,2.50556242244784
1975-11-01,NA,2.55660263355821,3.54576773825102
1975-12-01,NA,3.61471963115036,1.955212422763
1976-01-01,NA,0.853595115768258,0.255430200741102
1976-02-01,NA,4.09887889400125,0.933650489605498
1976-03-01,NA,4.13881640997715,2.44563115993515
1976-04-01,NA,3.68066409719177,3.8871223165188
1976-05-01,NA,6.23761232709512,6.49295129114762
1976-06-01,NA,6.79543531732634,6.7564805271104
1976-07-01,NA,2.23765987611841,7.83878801157698
1976-08-01,NA,1.73300088790711,4.62684166850522
1976-09-01,NA,1.17665670113638,2.51018994022161
1976-10-01,NA,3.82218163576908,6.34177434258163
1976-11-01,NA,2.21537315519527,1.9304241752252
1976-12-01,NA,5.58842460159212,4.25268042599782
1977-01-01,NA,3.31593736773357,1.54554575274233
1977-02-01,NA,5.18092407728545,1.87033932743361
1977-03-01,NA,4.05976977199316,2.32483470754232
1977-04-01,NA,3.5144240828231,2.87997771520168
1977-05-01,NA,4.58280351595022,5.01340037444606
1977-06-01,NA,1.5224048634991,7.55973475752398
1977-07-01,NA,0.401656101530534,8.53542034747079
1977-08-01,NA,2.13002775271889,8.13216614769772
1977-09-01,NA,2.49422155029606,3.99008299573325
1977-10-01,NA,0.612042267312063,0.162258559612383
1977-11-01,NA,1.49467771116178,0.130199624163652
1977-12-01,NA,1.32352929358603,0.669838855537819
1978-01-01,NA,5.06319673731923,4.49016876518726
1978-02-01,NA,1.30623042059597,0.955400624661706
1978-03-01,NA,5.38366890395992,4.59622503840365
1978-04-01,NA,3.44822595943697,1.61371840367792
1978-05-01,NA,4.11538359476253,6.95401484845206
1978-06-01,NA,3.62762660952285,6.8694680579938
1978-07-01,NA,1.58315143635264,7.02887393999845
1978-08-01,NA,2.95362454780843,7.27575671626255
1978-09-01,NA,2.3347328446107,5.23877885425463
1978-10-01,NA,1.67607913463144,0.552435482677538
1978-11-01,NA,1.44945189531427,0.357326818630099
1978-12-01,NA,4.59561462630518,1.72514670412056
1979-01-01,NA,2.7536606794456,2.44420366943814
1979-02-01,NA,4.89310817210935,2.59469390439335
1979-03-01,NA,2.19940012902953,0.403143745279522
1979-04-01,NA,4.10976400016807,1.3871542250854
1979-05-01,NA,3.50916124298237,3.51335036102682
1979-06-01,NA,3.70669037802145,6.8567837763112
1979-07-01,NA,4.36008230899461,5.80460540950298
1979-08-01,NA,0.553549359028693,5.98532463773154
1979-09-01,NA,0.27141216542077,3.78924539254513
1979-10-01,NA,3.31998566980474,4.02637359802611
1979-11-01,NA,0.109232031445572,1.63940722122788
1979-12-01,NA,4.64043292449787,2.83948557917029
1980-01-01,NA,2.66044199815951,1.18593841471011
1980-02-01,NA,4.46126864408143,4.13083641906269
1980-03-01,NA,3.08473954210058,2.07076772348955
1980-04-01,NA,3.17109383759089,4.30449881823733
1980-05-01,NA,4.14564849925227,5.43902215431444
1980-06-01,NA,3.93171870382503,7.27925794199109
1980-07-01,NA,2.41168500215281,7.93484116438776
1980-08-01,NA,4.19563101895619,5.08343824767508
1980-09-01,NA,0.192363700443821,1.34557229757775
1980-10-01,NA,1.59096228308044,0.944489272660576
1980-11-01,NA,2.92190488544293,1.52770518616308
1980-12-01,NA,9.53203439712524,6.33358501363546
1981-01-01,NA,2.25836870376952,0.94288065447472
1981-02-01,NA,3.61570942914113,2.71974563947879
1981-03-01,NA,3.66609875927679,2.82978962932248
1981-04-01,NA,3.96792043175083,2.78952136868611
1981-05-01,NA,4.97819528100081,4.21365397050977
1981-06-01,NA,2.39773828798207,4.68867449671961
1981-07-01,NA,1.26236644136952,6.39022006653249
1981-08-01,NA,0.374631791419233,4.64776525623165
1981-09-01,NA,0.622924053459428,1.86711867281701
1981-10-01,NA,3.1212051428156,2.5048606999917
1981-11-01,NA,1.82406544627156,6.47787722409703
1981-12-01,NA,5.62863824889064,3.10125540127046
1982-01-01,NA,4.14063428761438,2.77747115178499
1982-02-01,NA,5.71213237708434,3.490245383
1982-03-01,NA,2.83670147764497,1.80778642825317
1982-04-01,NA,3.71075738221407,3.71665829443373
1982-05-01,NA,5.05940067814663,4.61424964014441
1982-06-01,NA,5.28108713915572,5.78690503025427
1982-07-01,NA,0.893542002449976,5.0393411598634
1982-08-01,NA,4.7328240761999,5.17422101693228
1982-09-01,NA,0.923586980206892,4.65654535219073
1982-10-01,NA,3.22184589458629,2.82622569648083
1982-11-01,NA,1.88585969153792,0.286488997517154
1982-12-01,NA,3.41952291782945,1.38969582767459
1983-01-01,NA,4.62162409094162,3.55943506001495
1983-02-01,NA,3.65827938658185,2.30497407610528
1983-03-01,NA,4.91330960649066,3.55657819309272
1983-04-01,NA,3.2403435499873,1.53967438673135
1983-05-01,NA,3.14078445662744,3.26906545087695
1983-06-01,NA,3.90400750329718,4.13644391228445
1983-07-01,NA,2.11212121794233,7.7751743956469
1983-08-01,NA,1.12909221643349,5.64023859333247
1983-09-01,NA,1.15228229697095,3.80804487504065
1983-10-01,NA,4.04851109487936,2.89828779932577
1983-11-01,NA,3.63336816080846,3.83312772028148
1983-12-01,NA,2.68393209844362,1.17783010209678
1984-01-01,NA,0.627864144189516,0.492846398265101
1984-02-01,NA,6.4968213730026,5.31422478379682
1984-03-01,NA,6.7255261586979,4.91765447077341
1984-04-01,NA,6.18845246499404,3.6125946615357
1984-05-01,NA,4.25341342343017,3.79818524233997
1984-06-01,NA,3.79333023447543,9.95880360715091
1984-07-01,NA,2.76715897489339,5.32622243044898
1984-08-01,NA,2.43236396927387,9.15333309676498
1984-09-01,NA,3.06531290989369,4.47896949481219
1984-10-01,NA,3.17055603372864,4.99515841947868
1984-11-01,NA,1.94885660894215,0.465632670238847
1984-12-01,NA,3.19943588110618,1.7022665051627
1985-01-01,NA,1.13964944612235,0.542172713176114
1985-02-01,NA,0.909945570310811,0.177335450644023
1985-03-01,NA,0.628474654513411,0.733221661357675
1985-04-01,NA,1.62274143076502,2.6039731426863
1985-05-01,NA,6.53038759483024,8.33486665505916
1985-06-01,NA,10.0176392239518,7.92199139250442
1985-07-01,NA,4.24678454292007,10.4185555013828
1985-08-01,NA,0.53691588473157,4.04814789653756
1985-09-01,NA,1.48423367645591,3.25126299576368
1985-10-01,NA,2.02473221579567,2.12677154049743
1985-11-01,NA,5.82965147914365,1.75281020638067
1985-12-01,NA,2.89962358656339,1.07041615701746
1986-01-01,NA,7.46123304124922,5.09985808166675
1986-02-01,NA,3.67214048746973,1.61963216378354
1986-03-01,NA,2.4375624518143,1.58709825191181
1986-04-01,NA,2.8539771301439,3.55295673944056
1986-05-01,NA,5.02429176704027,6.75952818710357
1986-06-01,NA,2.66814711503685,7.96245869714767
1986-07-01,NA,2.14134897978511,8.88126720674336
1986-08-01,NA,0.76561978639802,3.9623717952054
1986-09-01,NA,0.723800055129686,1.77209397952538
1986-10-01,NA,2.7571385668125,1.7788021476008
1986-11-01,NA,1.74226873205043,1.40266590606188
1986-12-01,NA,1.98019272065721,0.893640601134393
1987-01-01,NA,3.82334305322729,2.72692332509905
1987-02-01,NA,6.28247604472563,6.28386000171304
1987-03-01,NA,3.60045195557177,2.84608915681019
1987-04-01,NA,4.40378932398744,5.68847749382257
1987-05-01,NA,7.51709329197183,8.39035097742453
1987-06-01,NA,5.13276878627948,8.13414040021598
1987-07-01,NA,4.99191352282651,3.80622574011795
1987-08-01,NA,0.534891409552074,4.35342592536472
1987-09-01,NA,0.472914995407336,3.00983927445486
1987-10-01,NA,1.03269535320578,3.56929154950194
1987-11-01,NA,0.907667035062332,1.32379277347354
1987-12-01,NA,0.693519847118296,0.714366877946304
1988-01-01,NA,1.50187496328726,0.351129530827166
1988-02-01,NA,4.26320343394764,2.4213154159952
1988-03-01,NA,3.74010588275269,1.33344063215191
1988-04-01,NA,3.79938799305819,5.10478066862561
1988-05-01,NA,3.88594038959127,4.09274302655831
1988-06-01,NA,6.87198891537264,6.77310875616968
1988-07-01,NA,2.91729489108548,6.91837740596384
1988-08-01,NA,5.95345575129613,6.64180351886898
1988-09-01,NA,0.528791630131309,1.37258330796612
1988-10-01,NA,3.96324277971871,2.18712281493936
1988-11-01,NA,2.70952092250809,1.42899307102198
1988-12-01,NA,0.254582814886817,0.260170947876759
1989-01-01,NA,2.04580707068089,0.680510321399197
1989-02-01,NA,4.57017046865076,2.92115271440707
1989-03-01,NA,3.62713013892062,2.36937514564488
1989-04-01,NA,7.74679620517418,4.78056100546382
1989-05-01,NA,3.26535032945685,4.54920507618226
1989-06-01,NA,2.45763572165743,5.18580926000141
1989-07-01,NA,6.38753513339907,4.94062570505776
1989-08-01,NA,1.75908162491396,6.46109984954819
1989-09-01,NA,2.3696531628957,2.01366558903828
1989-10-01,NA,1.23600085062208,0.0424342075206141
1989-11-01,NA,6.84463258367032,4.30143292760476
1989-12-01,NA,2.75797222566325,2.6912355911918
1990-01-01,NA,1.30129907192895,0.790969677109388
1990-02-01,NA,3.12165328650735,3.01467785902787
1990-03-01,NA,2.24415108386893,2.23895433009602
1990-04-01,NA,4.34424994164146,5.35125152673572
1990-05-01,NA,7.01115533011034,5.49255878431723
1990-06-01,NA,3.1872441410087,7.35689783468843
1990-07-01,NA,4.85562550602481,6.30305356462486
1990-08-01,NA,2.42578380857594,2.58890787663404
1990-09-01,NA,3.48027149448171,4.55904160626233
1990-10-01,NA,4.28257003077306,5.03283643629402
1990-11-01,NA,3.53003296768293,2.86676773102954
1990-12-01,NA,4.80367572745308,2.52633104973938
1991-01-01,NA,4.05931557761505,2.44760022615083
1991-02-01,NA,6.12690959824249,1.60529730201233
1991-03-01,NA,8.51477823453024,4.10593399428762
1991-04-01,NA,2.67449789971579,1.89678251626901
1991-05-01,NA,3.94731336564291,5.45148908277042
1991-06-01,NA,4.33809285750613,7.36919031478465
1991-07-01,NA,1.74464531592093,5.00741318101063
1991-08-01,NA,2.03232480562292,7.0306196808815
1991-09-01,NA,0.432261406240286,2.0198990139761
1991-10-01,NA,3.42547396430746,5.10317055741325
1991-11-01,NA,0.573436982813291,0.012817496696016
1991-12-01,NA,1.38685243728105,0.549219267850276
1992-01-01,NA,3.0829839000944,0.486338890004845
1992-02-01,NA,0.534431744017638,0.028391884325174
1992-03-01,NA,1.97238081309479,0.504178115807008
1992-04-01,NA,4.81358549441211,3.49586780648679
1992-05-01,NA,2.54467398044653,2.86868430557661
1992-06-01,NA,5.95586848212406,6.27360966755077
1992-07-01,NA,3.67116656270809,8.16940442891791
1992-08-01,NA,0.522983256087173,5.39716397761367
1992-09-01,NA,1.570824420196,6.71713597839698
1992-10-01,NA,3.89874183456413,2.49233742943034
1992-11-01,NA,1.31931365467608,0.89376821561018
1992-12-01,NA,2.78864519787021,3.14296034630388
1993-01-01,NA,3.23223390150815,3.1760528072482
1993-02-01,NA,5.69839464733377,2.21684716525488
1993-03-01,NA,3.30235962755978,2.58808309736196
1993-04-01,NA,5.80306114861742,1.78840938024223
1993-05-01,NA,2.61007922817953,2.38117948465515
1993-06-01,NA,5.32007131841965,7.00628334889188
1993-07-01,NA,0.526085372257512,12.0929985539988
1993-08-01,NA,1.01167471875669,6.51246593333781
1993-09-01,NA,2.09031481936108,3.88270327239297
1993-10-01,NA,4.19781217351556,5.95040416228585
1993-11-01,NA,7.30830013635568,3.95731169264764
1993-12-01,NA,5.74911165749654,4.58072443725541
1994-01-01,NA,0.58510602611932,0.0504232584262354
1994-02-01,NA,5.53863908280618,2.59681690949947
1994-03-01,NA,0.41814672658802,0.558908597304253
1994-04-01,NA,0.555872292170534,1.08041752901045
1994-05-01,NA,0.992775674967561,3.94882737309672
1994-06-01,NA,5.10514779598452,6.90124249085784
1994-07-01,NA,0.988074625638546,7.15573152992874
1994-08-01,NA,0.437525169400033,3.80028302315623
1994-09-01,NA,1.70864306419389,3.85603263275698
1994-10-01,NA,0.178088834763912,1.08139516669326
1994-11-01,NA,0.241050003023702,0.181164361310948
1994-12-01,NA,1.63084997911938,0.953534105792642
1995-01-01,NA,1.47090330719948,0.490189650918182
1995-02-01,NA,2.31052915623877,1.87215300102253
1995-03-01,NA,1.47819917765446,1.7207568133017
1995-04-01,NA,4.02004992356524,4.74832216277719
1995-05-01,NA,6.72751958481967,7.67871042480692
1995-06-01,NA,5.80020098132081,6.13387244520709
1995-07-01,NA,4.34435335337184,9.74342306144536
1995-08-01,NA,0.725512497592717,3.98557405569591
1995-09-01,NA,2.73889559030067,4.38060010783374
1995-10-01,NA,4.09342510392889,2.93569935020059
1995-11-01,NA,4.00449007283896,3.34315916988999
1995-12-01,NA,4.11624986445531,3.39454977074638
1996-01-01,NA,3.77251728787087,3.72169765178114
1996-02-01,NA,3.62201895914041,2.56037865474354
1996-03-01,NA,2.60021896683611,1.81472860858776
1996-04-01,NA,3.83821375435218,3.64624134963378
1996-05-01,NA,4.78416862897575,4.72958326572552
1996-06-01,NA,2.9694045020733,7.3793740128167
1996-07-01,NA,1.04769582976587,8.00779389683157
1996-08-01,NA,0.73294702306157,6.82901301188394
1996-09-01,NA,0.986966230266262,2.59421448572539
1996-10-01,NA,1.44925747764895e-06,0.649785122732283
1996-11-01,NA,2.59286062500905,2.5536732369801
1996-12-01,NA,2.87120893481188,1.84536716260482
1997-01-01,NA,4.76524506811984,3.42073478386737
1997-02-01,NA,4.05306089669466,4.19607617659494
1997-03-01,NA,0.77601282246178,0.874484088853933
1997-04-01,NA,3.8112627400551,4.77376679191366
1997-05-01,NA,2.72177254082635,2.61156950436998
1997-06-01,NA,4.11343338782899,8.63761879736558
1997-07-01,NA,4.33303259778768,9.01415725238621
1997-08-01,NA,0.657854587188922,7.36539299832657
1997-09-01,NA,2.51182283973321,6.57401917269453
1997-10-01,NA,4.31890008039773,2.88092335104011
1997-11-01,NA,0.339375512703555,0.152234217603109
1997-12-01,NA,1.19603972125333,0.755788206879515
1998-01-01,NA,1.88276637636591,3.25512828421779
1998-02-01,NA,1.02549778675893,0.496185689553386
1998-03-01,NA,3.9221853367053,2.42569391266443
1998-04-01,NA,1.45168446106254,1.91002605424728
1998-05-01,NA,3.44237903191242,4.54774002428167
1998-06-01,NA,6.35194279602729,7.983902329579
1998-07-01,NA,2.77051529847085,9.20208999887109
1998-08-01,NA,0.606057991171838,4.39422625349835
1998-09-01,NA,2.56722944614012,4.72584692761302
1998-10-01,NA,0.571299184957752,2.59472046454903
1998-11-01,NA,5.43368277722038,2.01465648715384
1998-12-01,NA,2.66713201417588,1.71371295000426
1999-01-01,NA,0.0485493579162721,0.000674323317184644
1999-02-01,NA,4.78359200642444,4.24474302562885
1999-03-01,NA,4.4057444029022,2.09822259494103
1999-04-01,NA,4.48632540064864,4.74295339663513
1999-05-01,NA,3.74924163334072,5.09308477048762
1999-06-01,NA,3.58513758983463,8.33244040841237
1999-07-01,NA,2.96849564183503,7.22340617794544
1999-08-01,NA,4.52091489569284,6.74266924615949
1999-09-01,NA,4.96966852806509,4.49937948142178
1999-10-01,NA,2.28347252996173,4.38535217544995
1999-11-01,NA,2.6598800701322,1.23503973445622
1999-12-01,NA,3.97200150182471,3.49814569344744
2000-01-01,NA,3.72591348714195,3.73460195842199
2000-02-01,NA,0.0710569399416272,0.0910970120457932
2000-03-01,NA,0.185578076707316,0.695034993987065
2000-04-01,NA,3.02368795964867,3.31740241963416
2000-05-01,NA,4.57998483907431,5.87559489067644
2000-06-01,NA,4.178588592913,7.98151097260416
2000-07-01,NA,4.20991401770152,8.89274433720857
2000-08-01,NA,3.83922822657041,7.16660327743739
2000-09-01,NA,3.01698128459975,4.33483868837357
2000-10-01,NA,4.32763852877542,4.77906625019386
2000-11-01,NA,2.12606698914897,1.22164516506018
2000-12-01,NA,1.27068393485388,1.43956719548441
2001-01-01,NA,4.80117530096322,2.84948807093315
2001-02-01,NA,0.580779549636645,0.334101033149636
2001-03-01,NA,8.52545007364824,3.93054157029837
2001-04-01,NA,1.53327370353509,0.816506058617961
2001-05-01,3.98709677419355,5.78642396139912,7.27458681212738
2001-06-01,5.11333333333333,6.67715917224996,8.48945556208491
2001-07-01,3.27741935483871,0.949198248781613,6.95547927170992
2001-08-01,6.01290322580645,3.54000434163027,5.24998755427077
2001-09-01,3.21333333333333,1.12552537611919,5.12702723499388
2001-10-01,1.13548387096774,0.522935204207897,0.729041029990185
2001-11-01,0.733333333333333,1.05139020597562,0.297457673877943
2001-12-01,0.0580645161290323,8.15310152247548,6.02799549233168
2002-01-01,0.606451612903226,1.11973121529445,0.724540105147753
2002-02-01,2.12142857142857,2.72783682157751,2.71005338290706
2002-03-01,2.18064516129032,1.80562468303833,1.29754576046253
2002-04-01,3.20666666666667,2.97324283747002,3.23549262830056
2002-05-01,6.98709677419355,3.95592726417817,4.91289894562215
2002-06-01,4.84666666666667,6.64875473594293,6.31268201395869
2002-07-01,3.21935483870968,0.893716666905675,9.36285029165447
2002-08-01,3.07096774193548,1.55650472443085,7.30320200091228
2002-09-01,2.82666666666667,1.55049136374146,3.36485755979083
2002-10-01,1.87096774193548,2.64353559468873,1.86175682174508
2002-11-01,13.0066666666667,1.30679388093995,1.84635232435539
2002-12-01,0.372413793103448,1.8333022511797,1.00366667466005
2003-01-01,1.04,3.85489133186638,3.38012446300127
2003-02-01,0.0142857142857143,5.78817520290613,4.15691487723961
2003-03-01,0.264516129032258,1.90178360498976,1.24252769455779
2003-04-01,0.926666666666667,3.62935537705198,4.21919137006626
2003-05-01,3.79354838709677,4.4154420029372,5.12502689380199
2003-06-01,2.6,2.78940609132405,7.18697853153571
2003-07-01,2.94193548387097,1.97094868635759,7.24393702112138
2003-08-01,3.90322580645161,4.52849868452176,6.65094272699207
2003-09-01,0.573333333333333,1.22756073251367,0.869384892575908
2003-10-01,4.94193548387097,2.5532382162055,4.30181215633638
2003-11-01,6.34,0.924462797411252,1.01175978197716
2003-12-01,3.10967741935484,4.40860032686032,2.97127196390647
2004-01-01,0.290322580645161,4.89620470907539,3.16739647532813
2004-02-01,2.09655172413793,5.34498270135373,1.61518585227896
2004-03-01,2.19354838709677,5.39631499559619,4.3598435819149
2004-04-01,1.18,4.88285909523256,1.53535828285385
2004-05-01,3.09032258064516,3.80642344825901,3.76172302057967
2004-06-01,2.32,2.94574710424058,7.24285198375583
2004-07-01,2.43225806451613,1.29012722609332,8.72063075657934
2004-08-01,1.5741935483871,2.49438267928781,7.62018598616123
2004-09-01,1.8,2.63498518906999,2.22178153926507
2004-10-01,5.73548387096774,1.15427591954358,4.09322000923567
2004-11-01,3.66666666666667,3.18578160367906,4.86275321454741
2004-12-01,1.98709677419355,0.0309450449776705,0.000212167969593224
2005-01-01,0.187096774193548,1.9306346133817,0.19895410114259
2005-02-01,0.00714285714285714,0.663727289065719,0.0478079879940196
2005-03-01,0.464516129032258,2.7249180333456,4.88760597654618
2005-04-01,2.34666666666667,5.03947301767766,5.46029841061682
2005-05-01,3.20645161290323,3.39671591646038,5.25601073750295
2005-06-01,1.55333333333333,5.10172892245464,5.76042675529607
2005-07-01,2.64516129032258,4.56016656244174,8.9812999824062
2005-08-01,2.67741935483871,1.98728632531129,8.79613577853888
2005-09-01,2.52666666666667,0.0100783429729745,0.610510854312452
2005-10-01,4.3741935483871,1.51423773349961,0.443618917779531
2005-11-01,1.82,3.36608419893309,1.87414312676992
2005-12-01,1.27741935483871,1.13287605636287,1.07740328530781
2006-01-01,0.606451612903226,0.596121035414399,0.0854827584589657
2006-02-01,1.77142857142857,0.728080738917924,1.01702360407216
2006-03-01,2.43225806451613,3.71966603561305,4.26022712490521
2006-04-01,2.61333333333333,4.20215782360174,5.14848768361844
2006-05-01,2.31612903225806,4.18808062677272,6.29563416587189
2006-06-01,1.24,3.42862236429937,8.36926818592474
2006-07-01,3.03225806451613,3.52642785874195,7.11735917720944
2006-08-01,4.70967741935484,0.673527711478528,3.37649939465337
2006-09-01,1.36666666666667,0.277623592774034,2.57519474253058
2006-10-01,1.89677419354839,3.02982838475145,5.53542577545159
2006-11-01,0.873333333333333,5.41089950711466,2.00526660773903
2006-12-01,2.43870967741936,2.9067036753986,2.96805394173134
2007-01-01,2,1.97062949300744,0.333368114297627
2007-02-01,1.48571428571429,2.35898863174953,0.620718578284141
2007-03-01,3.39354838709677,3.55508815264329,2.78332507296
2007-04-01,0.986666666666667,6.07944188523106,2.84937397227623
2007-05-01,3.05806451612903,5.31908607808873,4.58892712485977
2007-06-01,2.17333333333333,1.66514079028275,6.46323063410819
2007-07-01,3.2258064516129,2.34423697984312,9.54930415609851
2007-08-01,5.09677419354839,1.72866152424831,6.76020712126046
2007-09-01,2.74666666666667,1.13029803178506,2.2565932595171
2007-10-01,0.619354838709677,1.59591559495311,4.13313080789521
2007-11-01,3.71333333333333,2.88297131191939,3.25830827350728
2007-12-01,0.0645161290322581,8.4788292995654,5.85302944527939
2008-01-01,3.45,3.71504535432905,1.14182148536202
2008-02-01,1.51724137931034,1.33622583380202,0.963470079295803
2008-03-01,0.793548387096774,2.47177020355593,3.47988550784066
2008-04-01,8.26666666666667,3.22961686179042,2.84933861112222
2008-05-01,4.20645161290323,3.61258633201942,6.40296328347176
2008-06-01,3.97333333333333,4.32743154815398,5.31974819605239
2008-07-01,7.19354838709677,2.29922749567777,8.57653829734772
2008-08-01,3.49677419354839,2.0364741620142,7.49934576451778
2008-09-01,2.42,0.721057345799636,3.34940787870437
2008-10-01,6.49677419354839,3.05470582097769,2.06754011451267
2008-11-01,6.29333333333333,2.30456640128978,1.157867355505
2008-12-01,5.27096774193548,0.322326456443989,0.298662418572349
2009-01-01,2.5741935483871,1.00757832551608,0.353764143073931
2009-02-01,3.79285714285714,NA,1.32433438848238
2009-03-01,3.52258064516129,5.775032954989,3.97744931979105
2009-04-01,3.52,6.02347162202932,4.33499962091446
2009-05-01,0.664516129032258,7.0736845373176,9.71617894247174
2009-06-01,1.97333333333333,5.821587407263,8.13359725289047
2009-07-01,6.03225806451613,4.22144183248747,6.31517206784338
2009-08-01,1.96774193548387,2.19099313253537,5.863942054566
2009-09-01,2.02666666666667,0.682117643009406,1.38652742898557
2009-10-01,1.44516129032258,4.90710537414998,2.78258775360882
2009-11-01,4.55333333333333,3.03375991643406,4.70554255298339
2009-12-01,5.67741935483871,3.81727413623594,3.67024701554328
2010-01-01,0.567741935483871,5.16744794149417,5.09053483838215
2010-02-01,2.84285714285714,NA,5.97489246865734
2010-03-01,2.32258064516129,2.97193148871884,2.0737003418617
2010-04-01,1.39333333333333,1.05524830432842,1.50595544400858
2010-05-01,3.45161290322581,4.10604542121291,4.71622759359889
2010-06-01,3.13333333333333,5.89506788528524,7.45694601209834
2010-07-01,1.79354838709677,6.12590722739697,6.6328180138953
2010-08-01,5.81290322580645,0.363004091195762,2.51197897887323
2010-09-01,6.62,1.44424005411565,1.86473548819777
2010-10-01,6.30322580645161,0.675473026785767,1.66444040369242
2010-11-01,7.08,1.84122024220414,0.565995542274322
2010-12-01,4.30322580645161,0.86772268259665,0.0574916031837347
2011-01-01,0.425806451612903,3.30530646897387,1.83083042793442
2011-02-01,1.19285714285714,NA,1.63070456619607
2011-03-01,2.06451612903226,2.78895409719553,2.79747857130133
2011-04-01,1.04666666666667,8.195872802753,5.1100479089655
2011-05-01,3.07741935483871,8.35187961347401,4.17080410989001
2011-06-01,3.7,3.2379239826696,5.27073166449554
2011-07-01,2.75483870967742,0.897299223288428,8.64130044355989
2011-08-01,2.59354838709677,0.986156656290404,5.47430771403015
2011-09-01,4.85333333333333,0.193528067120496,0.300332358892774
2011-10-01,5.30967741935484,0.549629457236733,3.48595725372434
2011-11-01,1.06666666666667,4.79328803485259,4.34686399530619
2011-12-01,1.22068965517241,3.90628098975867,4.06742805498652
2012-01-01,1.4,2.84492722857976,2.52950514550321
2012-02-01,0.103448275862069,6.33903691777959,0.988140338449739
2012-03-01,1.68387096774194,3.00888263736852,5.27145868982188
2012-04-01,5.91724137931034,4.21167437452823,3.11556158121675
2012-05-01,3,4.21837382018566,5.09762215660885
2012-06-01,3.55333333333333,1.61051825853065,6.8421145551838
2012-07-01,6.01935483870968,1.8967953248648,6.10625601257198
2012-08-01,2.19354838709677,1.75394019170199,5.22310411906801
2012-09-01,4.8,0.770147821458522,1.30670205981005
2012-10-01,2.00714285714286,1.18747179221828,1.05737333287834
2012-11-01,8.71333333333333,1.81298051029444,0.717532408452826
2012-12-01,0.948387096774194,3.42785274842754,1.00562098741648
2013-01-01,1.38064516129032,1.33955917262938,0.897390317550162
2013-02-01,1.1,2.79864391777664,1.93688277213369
2013-03-01,4.7741935483871,2.91542986524291,1.68173566198675
2013-04-01,3.32666666666667,3.36334339517634,3.46976718865335
2013-05-01,6.78064516129032,5.71891103172675,3.47727035405114
2013-06-01,4.2,0.990557037584949,5.9249977231957
2013-07-01,1.28387096774194,0.574843276262982,4.02861816692166
2013-08-01,1.83225806451613,1.47799824771937,5.83340919110924
2013-09-01,2.51333333333333,1.47538690507645,2.95611405163072
2013-10-01,7,7.4621923500672,2.03008848766331
2013-11-01,3.84,4.85504322568886,3.67284558888059
2013-12-01,3.73333333333333,0.870612513972446,3.89175981399603
2014-01-01,4.98709677419355,2.77056166087277,0.249971155608364
2014-02-01,7.64285714285714,3.68028125376441,2.11363887938205
2014-03-01,2.61290322580645,4.34229093370959,2.52514700114261
2014-04-01,1.98666666666667,6.83179287007079,4.95735498843715
2014-05-01,1.76129032258065,3.41377680888399,6.16997131146491
2014-06-01,3.49333333333333,4.01898547424935,6.18876505759545
2014-07-01,4.58709677419355,1.84026069764514,7.33409004751593
2014-08-01,3.34838709677419,0.166565386098227,10.1398118538782
2014-09-01,1.33333333333333,0.00926178854570026,1.88417940807994
2014-10-01,2.16774193548387,3.13558369525708,1.81065924698487
2014-11-01,10.7066666666667,4.74911472410895,2.82846232876182
2014-12-01,1.87741935483871,2.94768599560484,3.09257337357849
2015-01-01,2.34838709677419,3.25021088356152,1.28481158026261
2015-02-01,1.59285714285714,6.5726091270335,4.36206017620862
2015-03-01,0.806451612903226,2.70629409933463,4.55328748212196
2015-04-01,0.26,1.3622374201077,1.762930136465
2015-05-01,4.72903225806452,7.28220879100263,2.66043445444666
2015-06-01,2,3.06798094825353,9.43799918750301
2015-07-01,0.412903225806452,0.816783132904675,8.14129749778658
2015-08-01,2.39354838709677,2.43047914118506,5.83382535260171
2015-09-01,4.19333333333333,3.73406808357686,2.75463570433203
2015-10-01,3.91612903225806,5.39940053131431,1.46388891153038
2015-11-01,0.0333333333333333,4.26930189714767,5.27193834423088
2015-12-01,0.0129032258064516,6.08424078673124,3.09148503583856
2016-01-01,1.36774193548387,1.20401169697288,3.89489171211608
2016-02-01,3.8,4.54715475789271,0.291003909660503
2016-03-01,2.12903225806452,3.46382510033436,4.62606796645559
2016-04-01,1.46,2.48304369306425,3.57677994179539
2016-05-01,4.14193548387097,6.43368788296357,2.09917758184019
2016-06-01,3.87333333333333,5.80287538468838,8.89018293237314
2016-07-01,2.47741935483871,2.27928635868011,7.20822414150462
2016-08-01,2.69677419354839,3.27688403776847,8.33616323070601
2016-09-01,1.13333333333333,0.143460398248862,3.28409700596239
2016-10-01,2.03870967741935,0.139240781209082,0.331727838056395
2016-11-01,2.56666666666667,0.802519150602166,1.92265100777149
2016-12-01,0.00645161290322581,8.66514989174902,0.575735231905128
2017-01-01,0.12258064516129,2.4350660329219,5.37943625240587
2017-02-01,2.75714285714286,0.27090575931652,0.591544977942249
2017-03-01,1.23870967741935,1.75267496961169,0.0309583846046735
2017-04-01,3.46666666666667,5.49467526725493,2.59425110416487
2017-05-01,1.80645161290323,1.89209967793431,4.89961603889242
2017-06-01,4.37333333333333,0.722333687008359,4.0102889877744
2017-07-01,4.99354838709677,1.97322665189859,5.11497065308504
2017-08-01,4.85806451612903,2.04239000449888,5.85392243228853
2017-09-01,3.74,5.77393660205416,3.15532189852092
2017-10-01,0.296774193548387,0.865514732140582,3.85965330060571
2017-11-01,3.86,3.70490251807496,0.216692385583883
2017-12-01,4.34838709677419,1.61204122414347,2.64958742045565
2018-01-01,1.60645161290323,4.17127512046136,2.19758547318634
2018-02-01,0.6,2.30373863596469,2.59130174817983
2018-03-01,4.14838709677419,6.5383059787564,0.633535464294255
2018-04-01,2.96,4.35523861669935,8.8286186917685
2018-05-01,2.74838709677419,5.1041686849203,5.50494540366344
2018-06-01,0.986666666666667,3.67845928994939,8.00755375530571
2018-07-01,3.26451612903226,0.982629577629268,9.30728047387674
2018-08-01,3.70322580645161,1.72914451832185,5.39925782941282
2018-09-01,0.98,0.616561697825091,1.52123004809255
2018-10-01,7.90322580645161,3.91878579393961,1.25042387953727
2018-11-01,3.05333333333333,4.83024924178608,3.17628454067744
2018-12-01,0.212903225806452,2.66839071409777,3.99681497365236
2019-01-01,0.361290322580645,1.2800271375454,1.51405289288959
2019-02-01,2.99285714285714,5.26048337342218,0.350315811738255
2019-03-01,1.08387096774194,0.65924302325584,4.77778020431288
2019-04-01,6.36666666666667,6.32178743253462,0.912232042173855
2019-05-01,4.92258064516129,2.73818467394449,2.94707526918501
2019-06-01,0.653333333333333,2.34373626590241,3.31653316388838
2019-07-01,3.68387096774194,0.943540257867426,8.29946998273954
2019-08-01,2.99354838709677,3.04872318520211,5.57046176400036
2019-09-01,2.33333333333333,0.557230022968724,3.47482257639058
2019-10-01,3.14838709677419,4.97270722989924,1.21894483017968
2019-11-01,12.8733333333333,0.000132343339487306,3.88164903852157
2019-12-01,3.18064516129032,0.936485943384469,0.090088621209361
2020-01-01,0.0774193548387097,0.967612874228507,0.691665547492448
2020-02-01,0.324137931034483,4.21153387287632,0.602319050085498
2020-03-01,4.01290322580645,5.51194801228121,3.59955032472499
2020-04-01,2.17333333333333,5.52812911919318,4.58169961930253
2020-05-01,2.6258064516129,3.81461387732998,4.63592414162122
2020-06-01,4.28666666666667,3.42596509144641,3.62659437814727
2020-07-01,2.88387096774194,0.381635831672611,5.16273382818326
2020-08-01,6.29032258064516,0.814186916977633,3.60316227015574
2020-09-01,3.53333333333333,1.4333926665131,3.33148606005125
2020-10-01,7.30967741935484,2.75368818256538,1.9746262463741
2020-11-01,0.0666666666666667,2.18725011509378,1.76409190753475
2020-12-01,7.83870967741935,0.77482205524575,0.933424413960893
2021-01-01,3.54838709677419,2.29260859487113,0.163195372351765
2021-02-01,2.04285714285714,8.12121330527589,0.917770168598508
2021-03-01,0.206451612903226,3.58631268027239,2.55633137421682
2021-04-01,2.02,5.34870898118243,2.18088746478315
2021-05-01,4.25161290322581,2.38786722184159,7.28848736034706
2021-06-01,1.44666666666667,1.2518211362476,5.76601177453995
2021-07-01,5.34193548387097,0.649401798000326,4.92039126693271
2021-08-01,3.64516129032258,0.494211319164606,2.67679346725345
2021-09-01,2.30666666666667,0.616247288053273,2.56936573132407
2021-10-01,2.54838709677419,8.38056206703186,0.0686937564751133
2021-11-01,5.82666666666667,2.51084797200747,8.04071183083579
2021-12-01,0.470967741935484,0.107796870770471,2.88055370911025
2022-01-01,1.25806451612903,2.99676853464916,0.00661857320949366
2022-02-01,2.33571428571429,2.6542401232291,1.66769975912757
2022-03-01,0,2.32501921418589,1.27785384102026
2022-04-01,NA,8.09444161131978,2.24538078764454
2022-05-01,NA,4.49310656986199,6.06703797820956
2022-06-01,NA,1.7849482697784,7.96754756011069
2022-07-01,NA,0.952925736783072,5.13595129013993
2022-08-01,NA,2.2217703415663,3.94282179186121
2022-09-01,NA,1.75774968811311,4.0642675536219
2022-10-01,NA,0.935343424498569,1.28505007160129
2022-11-01,NA,0.412722905093688,0.541217726276955
2022-12-01,NA,2.75594100239687,1.49725365336053
2023-01-01,NA,0.900333603203762,1.02031150381663
2023-02-01,NA,1.04509702068754,0.483051397895906
2023-03-01,NA,1.15522053383756,0.99529401777545
2023-04-01,NA,6.01928438991308,1.21232258970849
2023-05-01,NA,2.55143471877091,5.25242448784411
2023-06-01,NA,0.0777845505126606,3.89940379536711
2023-07-01,NA,1.98204847401939,4.70638037659228
2023-08-01,NA,1.00669445382664,2.53203071770258
2023-09-01,NA,0.0616785381680529,2.22167191968765
2023-10-01,NA,2.5977377925301,0.0870243844474317
2023-11-01,NA,3.69564826833084,1.22396721417317
2023-12-01,NA,4.17917433078401,2.49806456122315
2024-01-01,NA,9.19196099275723,2.86660491256043
2024-02-01,NA,6.40585315413773,8.98361401632428
2024-03-01,NA,10.1280785514973,4.67985259601846
2024-04-01,NA,8.5137365735136,7.13144391775131
2024-05-01,NA,6.21482497081161,7.29406184982508
2024-06-01,NA,0.748986763937864,6.25120641198009
2024-07-01,NA,0.137193778027722,7.1608433383517
2024-08-01,NA,1.58735583827365,5.09538450278342
2024-09-01,NA,2.38599865988363,1.30838395416504
2024-10-01,NA,0.399122052476741,2.5724471808644
2024-11-01,NA,0.631231940496946,0.400491246182355
2024-12-01,NA,2.80691465595737,0.541579323544283
2025-01-01,NA,2.49796024581883,1.47491184761748
2025-02-01,NA,3.68289452162571,1.01771175177419
2025-03-01,NA,10.004549624864,2.73944989603478
2025-04-01,NA,4.45967974956147,5.29866116121411
2025-05-01,NA,4.44323241245002,5.19517022185028
2025-06-01,NA,6.19973471621051,11.0016967635602
2025-07-01,NA,1.24165686720517,9.80628859251738
2025-08-01,NA,0.742755195460632,5.65802509663627
2025-09-01,NA,0.493358732273919,2.88148127146997
2025-10-01,NA,2.33893461409025,0.00607922306414821
2025-11-01,NA,5.68212034413591,3.88254642602988
2025-12-01,NA,3.4223978582304,3.75639040139504
2026-01-01,NA,0.770483300584601,2.2588970779907
2026-02-01,NA,2.88187118712813,1.53556872101035
2026-03-01,NA,5.51080356817693,2.2718174936017
2026-04-01,NA,3.16269438480958,5.62975990469567
2026-05-01,NA,1.8757649071631,6.44885011715814
2026-06-01,NA,0.682639121805551,4.73450915305875
2026-07-01,NA,1.20132660667878,5.42937641730532
2026-08-01,NA,3.14480745582841,4.01301431120373
2026-09-01,NA,0.425313430605456,3.13126586261205
2026-10-01,NA,2.47360796201974,0.210621366568375
2026-11-01,NA,9.11619822727516,4.4705557404086
2026-12-01,NA,4.85383057384752,6.76053998759016
2027-01-01,NA,5.94508914509788,3.2032995193731
2027-02-01,NA,3.37347876629792,2.1480913303094
2027-03-01,NA,5.08398485253565,2.26742383092642
2027-04-01,NA,4.02955288009252,5.31307483906858
2027-05-01,NA,4.09576852689497,3.55595002183691
2027-06-01,NA,4.01402013958432,5.94475093530491
2027-07-01,NA,2.20361203537323,4.22680470510386
2027-08-01,NA,0.528315639530774,5.40959083009511
2027-09-01,NA,0.825176692160312,1.83641155745136
2027-10-01,NA,2.09358604042791,0.353087065377622
2027-11-01,NA,1.82404894439969,2.11382527195383
2027-12-01,NA,0.447237630942254,1.96109097887529
2028-01-01,NA,0.869301420607371,0.182218605004891
2028-02-01,NA,5.61065498040989,1.2018530163914
2028-03-01,NA,6.66846425738186,3.67628984386101
2028-04-01,NA,4.41375189693645,6.92432342329994
2028-05-01,NA,3.9581042539794,5.83193376660347
2028-06-01,NA,0.33970645381487,2.99245541682467
2028-07-01,NA,0.962187333789188,6.03146465728059
2028-08-01,NA,0.891085423791083,7.88861894980073
2028-09-01,NA,2.52979872166179,1.74046397733036
2028-10-01,NA,2.68031386658549,3.49111416726373
2028-11-01,NA,1.66743572917767,5.33786253654398
2028-12-01,NA,1.06094730435871,0.887492023321101
2029-01-01,NA,0.24824255015119,0.238720390552771
2029-02-01,NA,1.97432386921719,0.00165785661678797
2029-03-01,NA,2.38751950382721,1.49550712667406
2029-04-01,NA,2.48808591859415,2.77106323919725
2029-05-01,NA,10.216354764998,5.44992281938903
2029-06-01,NA,1.825524722517,8.80328501807526
2029-07-01,NA,1.64213317329995,3.48017656942829
2029-08-01,NA,0.27263724769,2.81839524395764
2029-09-01,NA,2.8802819782868,2.60258337075356
2029-10-01,NA,5.48650338314474,3.72730970266275
2029-11-01,NA,3.07135951006785,2.22224131284747
2029-12-01,NA,3.70336344349198,1.37451453774702
2030-01-01,NA,4.11117687472142,0.82266791650909
2030-02-01,NA,4.81331674964167,4.76219190750271
2030-03-01,NA,4.42909596604295,3.57527528540231
2030-04-01,NA,5.89008824899793,4.43649587687105
2030-05-01,NA,4.08975995960645,7.16708136023954
2030-06-01,NA,2.02357048401609,14.4486002158374
2030-07-01,NA,1.90527846571058,6.35688817128539
2030-08-01,NA,1.42921847873367,3.69842231157236
2030-09-01,NA,2.30051495600492,4.7939962008968
2030-10-01,NA,4.13739489158615,1.09320327755995
2030-11-01,NA,4.62787059950642,3.03165600635111
2030-12-01,NA,2.67380537115969,3.15404135326389
2031-01-01,NA,3.31109084654599,1.87171255820431
2031-02-01,NA,3.69801856577396,3.24728879495524
2031-03-01,NA,4.93459309218451,2.50129283813294
2031-04-01,NA,2.95374139677733,4.93686532136053
2031-05-01,NA,3.7404052738566,6.41163698164746
2031-06-01,NA,2.01678947196342,4.91391200339422
2031-07-01,NA,0.0856885063512891,7.69474741537124
2031-08-01,NA,1.39403798093554,5.51198400207795
2031-09-01,NA,0.10932040240732,1.15076274960302
2031-10-01,NA,5.5614709155634,1.32128468540031
2031-11-01,NA,7.83954489743337,6.50917247403413
2031-12-01,NA,5.98076996393502,5.80062845838256
2032-01-01,NA,4.37843710533343,5.79938940354623
2032-02-01,NA,3.84537478093989,3.13578792556655
2032-03-01,NA,3.80618047784083,2.86482420342509
2032-04-01,NA,6.8066569045186,3.03584905341268
2032-05-01,NA,1.79353863350116,4.68018341925927
2032-06-01,NA,0.472720666220994,4.66522187925875
2032-07-01,NA,1.35741628037067,9.4944010139443
2032-08-01,NA,2.38016257644631,6.75990411546081
2032-09-01,NA,1.45349862577859,1.99301946850028
2032-10-01,NA,2.7144510531798,0.798131813644432
2032-11-01,NA,2.66498904966284,2.71692515525501
2032-12-01,NA,4.47576373117045,2.25533675984479
2033-01-01,NA,0.874325553013477,3.50970973377116
2033-02-01,NA,1.1405243203626,0.865841312042903
2033-03-01,NA,2.69432427012362,1.39830045372946
2033-04-01,NA,6.78540469380096,3.16751120262779
2033-05-01,NA,6.79373012389988,8.99869452696294
2033-06-01,NA,2.61660167161608,10.3554177680053
2033-07-01,NA,1.10293663165066,7.88970272988081
2033-08-01,NA,0.388026851942413,9.56536692101508
2033-09-01,NA,0.121909744916593,0.666942148382077
2033-10-01,NA,3.7662027287297,0.178959045751981
2033-11-01,NA,0.682974266965175,1.91447488032281
2033-12-01,NA,2.07684151246212,0.120853585212899
2034-01-01,NA,2.53660173621029,1.10593136778334
2034-02-01,NA,5.0536512688268,2.49521291989367
2034-03-01,NA,3.5038276022533,5.40841605397873
2034-04-01,NA,3.53087181283627,4.02074111625552
2034-05-01,NA,1.64825481770094,4.36180856195278
2034-06-01,NA,0.105934387738671,4.48826287756674
2034-07-01,NA,0.701902817672817,11.328174197115
2034-08-01,NA,2.98085687973071,5.84327966789715
2034-09-01,NA,0.292292214726331,2.27559107879642
2034-10-01,NA,1.61373985611135,1.0822537355125
2034-11-01,NA,5.31644216389395,2.49598080699798
2034-12-01,NA,5.08854078361765,3.4401235403493
2035-01-01,NA,3.76006371807307,1.9236838677898
2035-02-01,NA,2.23341245146003,3.5359246074222
2035-03-01,NA,4.21292097307742,2.026183201815
2035-04-01,NA,3.3304429060081,3.92214196035638
2035-05-01,NA,1.21937387884827,5.52351818187162
2035-06-01,NA,2.27129147679079,8.53693129029125
2035-07-01,NA,0.351513042187435,8.53235351387411
2035-08-01,NA,0.751319676783169,5.85022978484631
2035-09-01,NA,0.342052509222412,1.99441662698518
2035-10-01,NA,0.187901761273679,1.91101043019444
2035-11-01,NA,7.42048379033804,0.380920969109866
2035-12-01,NA,3.61317018396221,6.06336639029905
2036-01-01,NA,1.85005353705492,2.6118333771592
2036-02-01,NA,3.16292556817643,0.829594420065405
2036-03-01,NA,2.22555080254097,3.15068526542746
2036-04-01,NA,5.49819126608782,1.96209464629646
2036-05-01,NA,3.59611526364461,4.10487473127432
2036-06-01,NA,1.00992968509672,7.18820139882155
2036-07-01,NA,3.94600696745329,9.602691011969
2036-08-01,NA,5.22104562842287,8.62082586390898
2036-09-01,NA,0.594188527475126,5.93176647671498
2036-10-01,NA,1.77818379888777,0.576885579357622
2036-11-01,NA,8.79219167400151,0.834239402320236
2036-12-01,NA,6.85365077806637,3.25849388027564
2037-01-01,NA,4.23508487292565,7.39487099926919
2037-02-01,NA,3.46684557152912,3.80550704430789
2037-03-01,NA,3.18085170874838,2.44504620786756
2037-04-01,NA,5.81466589355841,3.12678269692697
2037-05-01,NA,5.23585613700561,9.28209736011922
2037-06-01,NA,0.958754551538732,10.1104881847277
2037-07-01,NA,0.0168019017451115,5.22659827256575
2037-08-01,NA,0.587963187717833,3.9261371421162
2037-09-01,NA,2.46724429016467,1.91080525692087
2037-10-01,NA,4.56680550123565,2.93895721260924
2037-11-01,NA,4.95884895790368,3.15762367390562
2037-12-01,NA,2.82639440847561,3.3769138273783
2038-01-01,NA,3.80108281387947,4.36968026915565
2038-02-01,NA,3.12091305968352,2.86496714106761
2038-03-01,NA,5.40676696691662,1.74603618797846
2038-04-01,NA,3.27867771266028,2.72311288572382
2038-05-01,NA,4.71172572579235,2.68433018645737
2038-06-01,NA,0.97997308075719,5.61784885358065
2038-07-01,NA,0.750780694215791,9.13913300028071
2038-08-01,NA,0.121943671058489,4.35705586569384
2038-09-01,NA,4.30083933169954,0.757219783554319
2038-10-01,NA,4.63265551370569,7.64235130045563
2038-11-01,NA,1.44359785626875,3.83389387861826
2038-12-01,NA,4.8469822970219,1.08261221903376
2039-01-01,NA,1.66223237465601,2.4641971802339
2039-02-01,NA,2.70514336880296,0.29248943174025
2039-03-01,NA,5.2871992753353,1.67095483193407
2039-04-01,NA,3.83144280058332,3.3484165876871
2039-05-01,NA,7.03173677902669,2.84088713815436
2039-06-01,NA,2.32450207695365,7.4529267847538
2039-07-01,NA,0.810144783463329,5.20219593308866
2039-08-01,NA,2.64098770567216,6.3274969230406
2039-09-01,NA,3.96900130435824,5.81686520017684
2039-10-01,NA,3.57799683697522,3.12805899884552
2039-11-01,NA,1.78474706481211,2.48445739271119
2039-12-01,NA,0.796578457084252,1.36282461171504
2040-01-01,NA,2.84071489004418,0.463020443567075
2040-02-01,NA,2.04761143249925,1.22857135429513
2040-03-01,NA,1.46386734122643,1.28034849185497
2040-04-01,NA,6.78400910692289,1.92840583913494
2040-05-01,NA,2.73549620469566,7.29382233694196
2040-06-01,NA,0.0762750380999933,5.57938849087805
2040-07-01,NA,0.738127864315175,9.76036592619494
2040-08-01,NA,0.018115944328656,4.35723109985702
2040-09-01,NA,0.89650738882483,0.354283932392718
2040-10-01,NA,0.232872353080893,3.5119730833685
2040-11-01,NA,8.06343726580963,0.0216089544210263
2040-12-01,NA,1.70028938446194,5.57831225451082
2041-01-01,NA,3.48672812688164,0.290732738721999
2041-02-01,NA,4.11755241220817,3.0618071265053
2041-03-01,NA,1.7309597635176,3.51677630678751
2041-04-01,NA,4.94447567034513,1.47686362615786
2041-05-01,NA,3.44405680079944,5.56676911655813
2041-06-01,NA,2.01135556271765,4.41991573898122
2041-07-01,NA,0.622492706315825,5.94462803564966
2041-08-01,NA,0.828446223749779,4.35722937108949
2041-09-01,NA,2.58477777242661,1.16794956702506
2041-10-01,NA,3.51679257291835,2.86113674228545
2041-11-01,NA,1.97118034120649,0.718875994789414
2041-12-01,NA,3.95353354979306,1.04429385100957
2042-01-01,NA,1.46377968485467,1.41713486518711
2042-02-01,NA,2.18402093451004,0.474404436681652
2042-03-01,NA,4.49005230912007,2.11470686481334
2042-04-01,NA,4.24937675124966,4.25562546006404
2042-05-01,NA,3.84518524515443,4.46023719850928
2042-06-01,NA,1.54020865447819,9.27585430908948
2042-07-01,NA,0.181906086072559,6.22458370635286
2042-08-01,NA,0.581431962928036,3.73459457186982
2042-09-01,NA,0.538655073978589,5.73966017109342
2042-10-01,NA,3.5381798632443,0.29001423936279
2042-11-01,NA,11.7190400487743,3.85950816271361
2042-12-01,NA,1.27937943907455,13.2941066287458
2043-01-01,NA,3.13024698989466,3.58189379330724
2043-02-01,NA,1.90295563079417,1.90869384241523
2043-03-01,NA,3.66900764638558,1.06811438163277
2043-04-01,NA,4.68689920962788,3.22636528580915
2043-05-01,NA,2.51515574636869,7.14629465946928
2043-06-01,NA,0.518531041234382,6.42709153471515
2043-07-01,NA,2.10799484630115,6.89249304123223
2043-08-01,NA,0.772710208548233,8.19233385846019
2043-09-01,NA,1.45403760834597,3.98694826872088
2043-10-01,NA,1.81343097210629,1.08812969847349
2043-11-01,NA,0.840738389524631,1.47657327179331
2043-12-01,NA,3.27477682731114,0.819471494105528
2044-01-01,NA,1.90533983695786,1.20739328413038
2044-02-01,NA,2.73899640887976,0.82889385666931
2044-03-01,NA,4.36424738145433,3.12758343061432
2044-04-01,NA,3.67676682653837,3.17245563492179
2044-05-01,NA,0.143078583732859,3.66799348848872
2044-06-01,NA,0.154934205011159,1.77490373753244
2044-07-01,NA,0.357613730193407,6.65098673198372
2044-08-01,NA,0.0540375225909884,6.77490038797259
2044-09-01,NA,0.667457556846784,0.514380172171514
2044-10-01,NA,4.00276067666709,0.573915478162235
2044-11-01,NA,8.35472296457738,4.17022528708912
2044-12-01,NA,3.6035242897924,5.94448061892763
2045-01-01,NA,1.34747083793627,2.01208023063373
2045-02-01,NA,2.53935495566111,0.570699616946513
2045-03-01,NA,2.83997984952293,2.8708869125694
2045-04-01,NA,3.38604360586032,1.46015626669396
2045-05-01,NA,4.08482055645436,6.46403121063486
2045-06-01,NA,1.90067279327195,2.53176472324412
2045-07-01,NA,1.13723975046014,6.39200384030119
2045-08-01,NA,1.9021851112484,1.45110726880375
2045-09-01,NA,0.416279844284873,1.57399497984443
2045-10-01,NA,4.20949518447742,0.321180980972713
2045-11-01,NA,3.51990128983743,3.90401221811771
2045-12-01,NA,3.84152371552773,2.81225544749759
2046-01-01,NA,1.05496710457373,2.80215905222576
2046-02-01,NA,2.22477710049134,0.68574774049921
2046-03-01,NA,1.03682117478456,2.82386679318734
2046-04-01,NA,6.06879346305504,3.64907920011319
2046-05-01,NA,3.03615677403286,4.15036740596406
2046-06-01,NA,0.583066453691572,8.69384586112574
2046-07-01,NA,1.75958917534444,4.82308114296757
2046-08-01,NA,3.40679007349536,3.81831941194832
2046-09-01,NA,1.05549665750004,1.53830213821493
2046-10-01,NA,3.25214694603346,1.2416268888046
2046-11-01,NA,1.59742755931802,3.38724415632896
2046-12-01,NA,1.28661904600449,1.09393205129891
2047-01-01,NA,3.35073950118385,0.180358780198731
2047-02-01,NA,3.9737478713505,1.49402808747254
2047-03-01,NA,8.05654011201113,3.61040337011218
2047-04-01,NA,11.068498226814,4.36568917357363
2047-05-01,NA,2.86188050522469,7.16734287561849
2047-06-01,NA,1.37527582410257,5.52457068697549
2047-07-01,NA,0.361787240217382,3.83959283935837
2047-08-01,NA,0.355595477594761,6.23464764794335
2047-09-01,NA,4.90798563114367,1.51113577448996
2047-10-01,NA,3.25482480693609,5.4379319306463
2047-11-01,NA,2.77760686003603,2.36553665308747
2047-12-01,NA,4.33231940260157,0.76571620447794
2048-01-01,NA,1.14423751656432,5.19015003810637
2048-02-01,NA,4.86120848217979,0.699150727814413
2048-03-01,NA,5.34742152085528,2.11728131398559
2048-04-01,NA,3.20569009054452,4.13117274292745
2048-05-01,NA,0.586408632807434,2.64149879221804
2048-06-01,NA,1.75477628654335,9.21115314122289
2048-07-01,NA,0.312196222512284,5.94869346823543
2048-08-01,NA,0.166068281941989,5.56483981199563
2048-09-01,NA,2.03140462981537,1.15249910013517
2048-10-01,NA,3.4746776742395,1.85247868357692
2048-11-01,NA,1.79005288810004,4.50402640854008
2048-12-01,NA,5.1935319788754,1.10969621091499
2049-01-01,NA,0.768074950610753,3.83073180564679
2049-02-01,NA,1.06311081763124,0.347539411086473
2049-03-01,NA,7.85130837466568,0.441714257976855
2049-04-01,NA,6.20755833224393,7.39353827666491
2049-05-01,NA,6.61736078909598,3.78910685540177
2049-06-01,NA,1.71772117610089,5.42318507214077
2049-07-01,NA,0.0227335551471697,7.01510100625455
2049-08-01,NA,2.76060985343065,4.71578157157637
2049-09-01,NA,2.28061055531725,4.11421384778805
2049-10-01,NA,3.6852854071185,2.83432567957789
2049-11-01,NA,2.35749780549668,5.97347629372962
2049-12-01,NA,7.52426421968266,1.67687079228926
2050-01-01,NA,4.46977087995037,6.12312202574685
2050-02-01,NA,3.15336941275746,2.19350943225436
2050-03-01,NA,4.88711940706708,1.0873875071411
2050-04-01,NA,6.04922350030392,4.95577520923689
2050-05-01,NA,1.48426815358107,4.12704098853283
2050-06-01,NA,0.165877773724787,11.4645739551634
2050-07-01,NA,0.00582318428996587,5.64793318044394
2050-08-01,NA,0.978519668569788,4.6152422670275
2050-09-01,NA,2.28685737820342,3.75175023218617
2050-10-01,NA,4.42209932953119,5.73847847990692
2050-11-01,NA,0.17876541151054,3.61593715497293
2050-12-01,NA,2.0356724067824,0.0368317436709731
2051-01-01,NA,3.98320312961005,0.407034739328083
2051-02-01,NA,0.603122769825859,4.43134933593683
2051-03-01,NA,7.6902890810743,0.687175014900276
2051-04-01,NA,4.47253863676451,4.10191853879951
2051-05-01,NA,4.7494162368821,5.02025305177085
2051-06-01,NA,0.0187427339824353,7.64369565295056
2051-07-01,NA,0.319538966141408,7.14592973235995
2051-08-01,NA,3.54115868685767,4.16592788533308
2051-09-01,NA,5.1324428350199,2.02029596257489
2051-10-01,NA,0.453538016154198,5.60140843153931
2051-11-01,NA,4.30867756367661,0.702235300923348
2051-12-01,NA,1.8032033869531,1.5185714000836
2052-01-01,NA,4.6368469891604,2.68442393280566
2052-02-01,NA,4.70153354108334,1.67571016063448
2052-03-01,NA,2.40633100911509,3.3269741339609
2052-04-01,NA,1.76561840926297,2.54801443079486
2052-05-01,NA,3.58435540110804,4.64813238359056
2052-06-01,NA,0.281196513242321,5.66043892758898
2052-07-01,NA,1.62968023214489,5.82951569231227
2052-08-01,NA,0.0917691097129136,6.86112958355807
2052-09-01,NA,1.76815930462908,1.49146872572601
2052-10-01,NA,2.92768274084665,4.31036484078504
2052-11-01,NA,3.54721990297548,4.78436822304502
2052-12-01,NA,1.97323812462855,2.07220055744983
2053-01-01,NA,0.860368584108073,2.33551951241679
2053-02-01,NA,2.69919185084291,0.857507257751422
2053-03-01,NA,3.33083235018421,2.57233056763653
2053-04-01,NA,2.57461654837243,5.80144836567342
2053-05-01,NA,1.37561481969897,4.93708267458715
2053-06-01,NA,0.0745225073842448,6.48078611120582
2053-07-01,NA,0.779348911601119,7.04127706121653
2053-08-01,NA,0.515171466395259,6.27549905329943
2053-09-01,NA,2.87646132346708,1.47674037289107
2053-10-01,NA,4.46120735141449,6.41392429824919
2053-11-01,NA,1.95755348831881,3.56942670769058
2053-12-01,NA,0.57101356505882,0.943635615112726
2054-01-01,NA,0.867308249871712,0.0540428433396301
2054-02-01,NA,4.40835767076351,1.46352225565352
2054-03-01,NA,3.99144259281456,5.63410052563995
2054-04-01,NA,2.09838234877679,1.59545016358607
2054-05-01,NA,1.33435004245257,4.13348127622157
2054-06-01,NA,0.752896803896874,6.47435415303335
2054-07-01,NA,0.0404767355121294,8.8546589598991
2054-08-01,NA,0.577022643119562,6.27093039220199
2054-09-01,NA,4.24039690406062,0.589061917708023
2054-10-01,NA,2.4558204371715,3.91706535592675
2054-11-01,NA,7.93007762404159,2.46065069222823
2054-12-01,NA,2.32546955812722,6.47295903763734
2055-01-01,NA,3.90558696817607,3.16625973209739
2055-02-01,NA,0.611678656423464,1.83167838840745
2055-03-01,NA,0.981472246348858,1.39000453054905
2055-04-01,NA,7.03491111053154,1.10371665941784
2055-05-01,NA,6.46169391693547,5.09904383216053
2055-06-01,NA,2.17801456747111,7.59866440203041
2055-07-01,NA,0.946568999643205,4.60038916789927
2055-08-01,NA,1.09331093262881,4.71009581233375
2055-09-01,NA,5.25737127754837,2.51276548951864
2055-10-01,NA,3.03578461753204,8.72891501057893
2055-11-01,NA,2.67183960531838,2.05849449557718
2055-12-01,NA,5.37035739398561,1.05050452693831
2056-01-01,NA,1.27115317736752,3.64302615635097
2056-02-01,NA,4.47046348708682,0.555338653066428
2056-03-01,NA,3.24238805333152,3.36499334662221
2056-04-01,NA,6.64188854279928,2.06746837066021
2056-05-01,NA,3.99997437489219,7.61337197036482
2056-06-01,NA,2.42355817754287,7.32078010914847
2056-07-01,NA,1.85769319650717,6.90603589173406
2056-08-01,NA,0.927188278001267,5.30978185124695
2056-09-01,NA,2.80639241100289,2.0432018180145
2056-10-01,NA,3.6081226542592,3.96102508530021
2056-11-01,NA,1.55501452682074,2.02440540015232
2056-12-01,NA,4.34255260624923,1.49318000912899
2057-01-01,NA,3.80010967492126,1.97874291334301
2057-02-01,NA,2.31502489477862,3.61496197292581
2057-03-01,NA,3.7243670260068,2.57561758335214
2057-04-01,NA,4.23461606260389,2.84942567814142
2057-05-01,NA,1.46884410933126,6.51456560008228
2057-06-01,NA,0.00983405050192232,5.974936473649
2057-07-01,NA,0.343859930762846,7.74778568884358
2057-08-01,NA,0.432949357491452,5.3349919966422
2057-09-01,NA,1.09977601241553,0.429182009611395
2057-10-01,NA,10.5075574829243,0.635987151326844
2057-11-01,NA,4.58147582248785,8.97541085723788
2057-12-01,NA,0.259418089262908,4.35972712584771
2058-01-01,NA,6.63320462917909,0.264064102884731
2058-02-01,NA,1.58006963320076,4.05343321035616
2058-03-01,NA,1.75563736993354,1.55131653591525
2058-04-01,NA,2.67235847131815,2.78332986636087
2058-05-01,NA,3.10746945615392,5.26954070082866
2058-06-01,NA,0.74795216532948,7.48047579545528
2058-07-01,NA,1.03260915057035,5.54554833797738
2058-08-01,NA,1.0844979507965,3.81087290297728
2058-09-01,NA,2.15970145697887e-05,1.98923826101236
2058-10-01,NA,1.53960810421268,0.0202664645257755
2058-11-01,NA,0.423965738445986,1.73966960865073
2058-12-01,NA,4.3485383852385,1.01376016245922
2059-01-01,NA,5.11347966967151,2.60436282260343
2059-02-01,NA,0.891326744022081,5.73237451608293
2059-03-01,NA,4.32331362389959,0.716452537744772
2059-04-01,NA,4.17417080607265,3.34476000862196
2059-05-01,NA,5.54863277357072,5.64718069508672
2059-06-01,NA,1.45655076485127,7.84623302752152
2059-07-01,NA,0.0285104037402562,6.54986043227836
2059-08-01,NA,3.71981439529918,4.38515446730889
2059-09-01,NA,3.43568390817381,3.18662147037685
2059-10-01,NA,2.25372358399909,3.59721601707861
2059-11-01,NA,1.10306051356019,1.55957725510234
2059-12-01,NA,2.64657492516562,1.63195403292775
2060-01-01,NA,2.18207316356711,2.50459533417597
2060-02-01,NA,1.77944933529943,1.51693425723352
2060-03-01,NA,6.26076303888112,1.48251830687514
2060-04-01,NA,5.83293079398572,4.01641385396942
2060-05-01,NA,7.26039331639186,7.6140318880789
2060-06-01,NA,0.771333186276024,10.5783014791086
2060-07-01,NA,1.48505546967499,5.88739090017043
2060-08-01,NA,3.91726903617382,7.03912050230429
2060-09-01,NA,1.30901251832256,6.19340695557185
2060-10-01,NA,2.14111040986609,2.77294673142023
2060-11-01,NA,5.1754673011601,2.22245206532534
2060-12-01,NA,1.55057112278882,3.90487990225665
2061-01-01,NA,2.0405292219948,0.603316038177582
2061-02-01,NA,7.02779015991837,0.853766813816037
2061-03-01,NA,9.68706272542477,4.04031390789896
2061-04-01,NA,5.89028705726378,4.11827503703535
2061-05-01,NA,2.71711806999519,5.60624347999692
2061-06-01,NA,2.75078047416173,9.2499778023921
2061-07-01,NA,0.49412947773817,7.43346652016044
2061-08-01,NA,0.656694662757218,5.23207249352708
2061-09-01,NA,1.90855212276801,2.18930585542694
2061-10-01,NA,0.999535313167144,2.25575677177403
2061-11-01,NA,7.06439508358017,0.764495910698315
2061-12-01,NA,1.3894572184654,4.95792563888244
2062-01-01,NA,8.56238754931837,1.42761371098459
2062-02-01,NA,1.94911883154418,3.09164510399569
2062-03-01,NA,1.24036076304037,2.38443255366292
2062-04-01,NA,3.92007231130265,1.83693737781141
2062-05-01,NA,3.94976687966846,9.78210282046348
2062-06-01,NA,0.022801265004091,6.51859692879952
2062-07-01,NA,0.794423725164961,5.92541231308132
2062-08-01,NA,1.04526679351693,7.40211579250172
2062-09-01,NA,3.36491948110051,6.4796510967426
2062-10-01,NA,4.62420655530877,3.1958592182491
2062-11-01,NA,0.859412104182411,5.39449900388718
2062-12-01,NA,2.26982673921157,0.345909782481613
2063-01-01,NA,1.23322755389381,2.05594039871357
2063-02-01,NA,7.78673419263214,1.59056910633808
2063-03-01,NA,1.99866145849228,7.73602001136169
2063-04-01,NA,2.52070406859275,3.04027964884881
2063-05-01,NA,6.21940227574669,3.80798782571219
2063-06-01,NA,4.10952102974989,8.36158302845433
2063-07-01,NA,0.10091310724647,5.47975176014006
2063-08-01,NA,0.858974588481942,3.52956840069965
2063-09-01,NA,1.88963288383093,1.45030914791278
2063-10-01,NA,3.20280242012814,0.466263346243068
2063-11-01,NA,5.45323026599362,2.21294549410231
2063-12-01,NA,1.17760528373765,4.60716640809551
2064-01-01,NA,3.44555642805062,0.440528971739695
2064-02-01,NA,2.32389740122017,2.68236677802633
2064-03-01,NA,0.994568210444413,2.22340524487663
2064-04-01,NA,3.3888099482283,2.27190118166618
2064-05-01,NA,8.40570683358237,2.83406542148441
2064-06-01,NA,0.129442576235306,3.48031754256226
2064-07-01,NA,0.377385546198639,7.72607425460592
2064-08-01,NA,0.102884952320892,4.64928940054961
2064-09-01,NA,0.308292189038184,3.62705100851599
2064-10-01,NA,4.3743732443545,4.9269282084424
2064-11-01,NA,1.50596829189453,2.81640629691537
2064-12-01,NA,7.26917451247573,0.461282344622305
2065-01-01,NA,5.38971550413407,7.28793478338048
2065-02-01,NA,2.38783351087477,2.98517730552703
2065-03-01,NA,3.25521833728999,0.477434180356795
2065-04-01,NA,1.40015369252069,5.00822130125016
2065-05-01,NA,3.23218643898144,4.92247396032326
2065-06-01,NA,0.00594935408457786,7.18759240116924
2065-07-01,NA,0.356331539660459,10.1001382106915
2065-08-01,NA,0.499921011032711,2.81715595338028
2065-09-01,NA,0.000438540158508678,2.57570355024654
2065-10-01,NA,2.78338526550215,0.0449617871254304
2065-11-01,NA,6.60643513547257,1.48168177984189
2065-12-01,NA,1.99629697599448,2.11279013310559
2066-01-01,NA,2.8441314061638,3.65451805992052
2066-02-01,NA,2.15778374404181,0.762329077406321
2066-03-01,NA,6.94364790106192,1.33755458809901
2066-04-01,NA,2.40069821302313,4.59225028753281
2066-05-01,NA,2.14660946221557,4.16298033669591
2066-06-01,NA,0,4.81864811154082
2066-07-01,NA,1.11028000392253,8.63882893463597
2066-08-01,NA,0.795207171177026,8.25155860511586
2066-09-01,NA,1.76364612125326,2.66168781090528
2066-10-01,NA,0.594867865584092,3.93038692418486
2066-11-01,NA,1.4419836588786,0.808816814969759
2066-12-01,NA,0.88984198810067,0.544362305299728
2067-01-01,NA,2.37240591086447,0.0191913549883793
2067-02-01,NA,3.83048679213971,1.2452160459361
2067-03-01,NA,4.04278211644851,3.02372339938302
2067-04-01,NA,4.75521868793294,3.17763297935016
2067-05-01,NA,1.07021565927425,3.81317067076452
2067-06-01,NA,0.536932553586666,5.96390615100972
2067-07-01,NA,0.000626011409110561,6.82254710700363
2067-08-01,NA,0.833427903125994,2.5782960728975
2067-09-01,NA,1.99111224501394,2.55858018645085
2067-10-01,NA,3.23938439833,1.12066805013455
2067-11-01,NA,5.5348337511532,3.6113208741881
2067-12-01,NA,1.99487742211204,5.83211292978376
2068-01-01,NA,3.94935826188885,2.0014582114527
2068-02-01,NA,5.61538551701233,2.91290130699053
2068-03-01,NA,4.80252059642226,5.59866173425689
2068-04-01,NA,3.09213371656369,5.0754746014718
2068-05-01,NA,3.62267416203395,8.60068352194503
2068-06-01,NA,0.401909474021522,3.66056670318358
2068-07-01,NA,0.235204254204291,4.74803298711777
2068-08-01,NA,0.913479505106807,4.08625244745053
2068-09-01,NA,3.0932733672671,1.33146095759002
2068-10-01,NA,0.918345474929083,6.37412524083629
2068-11-01,NA,4.56411491031758,0.946470990311354
2068-12-01,NA,1.09726450609742,4.28700636257418
2069-01-01,NA,2.59650164516643,3.49622055364307
2069-02-01,NA,3.64259302150458,1.0591669488349
2069-03-01,NA,2.5830168655375,4.75696427165531
2069-04-01,NA,4.2673691350501,2.54636919416953
2069-05-01,NA,1.77910421043634,6.91096539376304
2069-06-01,NA,0.20698437365354,7.11155051831156
2069-07-01,NA,0.207778506592149,6.26307015772909
2069-08-01,NA,0.498848777351668,4.27391896373592
2069-09-01,NA,3.35845781955868,1.05625774740474
2069-10-01,NA,2.46950033179019,0.402398980440921
2069-11-01,NA,2.86233752849512,3.17561354313511
2069-12-01,NA,2.01837923086714,2.56996671378147
2070-01-01,NA,2.84815369814169,2.13250829838216
2070-02-01,NA,4.01205971720628,2.14425165904686
2070-03-01,NA,4.78074378333986,2.73892254335806
2070-04-01,NA,3.09289303841069,6.45446704002097
2070-05-01,NA,0.185421429250709,3.77152198925614
2070-06-01,NA,1.47566276136786,5.52800826262683
2070-07-01,NA,0.222838384365787,8.05629934184253
2070-08-01,NA,0.00148422661280928,2.67637746292166
2070-09-01,NA,4.34638944861945,1.58683630434098
2070-10-01,NA,1.61263041954953,3.98390249465592
2070-11-01,NA,5.47407873091288,0.552392253666767
2070-12-01,NA,2.69215034495573,4.03150285128504
2071-01-01,NA,2.51540311728604,3.5501184174791
2071-02-01,NA,2.31495920161251,2.03057034232188
2071-03-01,NA,6.22321530827321,2.41126915498171
2071-04-01,NA,1.95708428509533,5.11520560830832
2071-05-01,NA,2.96265539363958,2.17335357447155
2071-06-01,NA,1.12596108447178,7.17613412998617
2071-07-01,NA,0.0321322853064188,5.42114418349229
2071-08-01,NA,3.74540489215077e-06,3.8359350815881
2071-09-01,NA,0.0155632094219982,0.995552586391568
2071-10-01,NA,2.79891926329583,0.671135883021634
2071-11-01,NA,0.155884687046637,3.03561676992103
2071-12-01,NA,4.00607881019823,0.289628508107853
2072-01-01,NA,2.72410574834794,2.5318398460513
2072-02-01,NA,6.67735232273117,3.34287675214
2072-03-01,NA,2.63748451543506,5.02625187509693
2072-04-01,NA,2.1622719388688,4.4151111796964
2072-05-01,NA,5.53702897159383,8.48900608252734
2072-06-01,NA,0.688797640032135,8.82338052615523
2072-07-01,NA,2.59148177180853e-15,4.52810704009607
2072-08-01,NA,0.0841811487589439,5.07013883907348
2072-09-01,NA,1.62050432700198,0.947601643565577
2072-10-01,NA,1.65496935078409,0.8275098996819
2072-11-01,NA,8.59119195956737,3.42781888030004
2072-12-01,NA,2.93418463552371,12.3897210694849
2073-01-01,NA,5.0916836829856,1.10469824576285
2073-02-01,NA,3.96808835794218,5.73569186381064
2073-03-01,NA,2.03565661213361,2.91371964267455
2073-04-01,NA,4.28885850124061,2.38303735968657
2073-05-01,NA,3.34538928000256,3.24340464721899
2073-06-01,NA,0.376460979714466,6.00879894336686
2073-07-01,NA,0.290474973098753,8.26534788357094
2073-08-01,NA,0.68016205332242,4.5755667379126
2073-09-01,NA,0.133688311416336,1.95130391512066
2073-10-01,NA,1.48844680079492,1.1400248244172
2073-11-01,NA,7.05377887934446,2.2604672703892
2073-12-01,NA,2.84610471571796,7.07781849196181
2074-01-01,NA,1.89636824070476,1.56440479913726
2074-02-01,NA,4.07882157596759,0.997528705192963
2074-03-01,NA,0.833221099310322,4.19929309864528
2074-04-01,NA,2.86571027536411,1.75090706907213
2074-05-01,NA,2.42454931139946,3.62056522280909
2074-06-01,NA,0.00352840487593715,3.19884197087958
2074-07-01,NA,0.00287324278929191,8.12939509050921
2074-08-01,NA,0.39948336489033,3.21937092812732
2074-09-01,NA,1.76625506719574,3.92398121184669
2074-10-01,NA,0.499451724317623,2.99739568436053
2074-11-01,NA,5.63346701092087,0.0178483141098695
2074-12-01,NA,2.85915502463467,2.79595450556371
2075-01-01,NA,4.71044989535585,3.21857805247419
2075-02-01,NA,3.87703731539659,4.32946528599132
2075-03-01,NA,2.36716908111703,2.52410141110886
2075-04-01,NA,1.68615443108138,2.36539285106119
2075-05-01,NA,3.17197197291534,3.60861771041527
2075-06-01,NA,0.284082278085407,6.26644094008952
2075-07-01,NA,1.90029655059334,3.93344652839005
2075-08-01,NA,2.6006055821199,7.18618392711505
2075-09-01,NA,1.65705510880798,1.12240581511287
2075-10-01,NA,1.30727392825065,2.81280511699151
2075-11-01,NA,7.62254779692739,1.86877593223471
2075-12-01,NA,4.31169284856878,7.01511043589562
2076-01-01,NA,7.07124037435278,3.2340146106435
2076-02-01,NA,1.31442128185881,0.744813165511005
2076-03-01,NA,1.86434627976269,2.20864879956935
2076-04-01,NA,3.27019260730594,2.44948466133792
2076-05-01,NA,0.903307987027802,5.36951721296646
2076-06-01,NA,0.12352254320831,2.95772424142342
2076-07-01,NA,0.316116536851041,6.9453923846595
2076-08-01,NA,0.273138629563618,4.12532259360887
2076-09-01,NA,0.911424118385185,0.947634529438801
2076-10-01,NA,7.20888390205801,2.92919486237224
2076-11-01,NA,6.38863525819033,6.18322812952101
2076-12-01,NA,2.05426176544279,6.22241174569353
2077-01-01,NA,5.52741183782928,1.14487802493386
2077-02-01,NA,2.69000745902304,5.6715152983088
2077-03-01,NA,4.60276009398513,2.18819472938776
2077-04-01,NA,2.04296772717498,4.45091756992042
2077-05-01,NA,0.966746800986584,3.59598387731239
2077-06-01,NA,0.140062680020492,3.07321934960783
2077-07-01,NA,0.0401577558022836,9.58130584331229
2077-08-01,NA,1.35680072125979,7.09489714354277
2077-09-01,NA,1.44683909893502,4.88945795805193
2077-10-01,NA,6.54211398214102,1.76740367605817
2077-11-01,NA,3.12953316606581,6.51713297702372
2077-12-01,NA,4.18928369181231,2.46687739854679
2078-01-01,NA,3.28347111353651,4.87437226111069
2078-02-01,NA,2.54918158461805,2.42228266142774
2078-03-01,NA,3.87548283906654,4.83585233450867
2078-04-01,NA,4.47612457210198,3.15556329733226
2078-05-01,NA,4.94986911071464,6.08667284832336
2078-06-01,NA,0.171456585121632,9.7732509020716
2078-07-01,NA,0.668569340996328,4.4748141663149
2078-08-01,NA,0.00104292889204771,6.61898913094774
2078-09-01,NA,3.49380601546727,0.963510626752395
2078-10-01,NA,2.48116181173827,3.34400005813222
2078-11-01,NA,5.62623840523884,2.35412725887727
2078-12-01,NA,5.22306687198579,4.29316753288731
2079-01-01,NA,2.61153005703818,4.38742213882506
2079-02-01,NA,2.91802152351011,0.724973907927051
2079-03-01,NA,4.21777048031799,1.62194816221017
2079-04-01,NA,4.71162781468593,3.03248369309586
2079-05-01,NA,4.17717807576992,9.36550033511594
2079-06-01,NA,0.897329633880872,7.50540179433301
2079-07-01,NA,0.174173112463905,7.28200699668378
2079-08-01,NA,0.23000133678579,5.28862818027847
2079-09-01,NA,0.979048317822162,1.63195984787308
2079-10-01,NA,3.94390651490539,2.70486904482823
2079-11-01,NA,3.09114886913449,2.76528208341915
2079-12-01,NA,3.9111957186833,3.4149367333157
2080-01-01,NA,2.09976756304968,1.85329022206133
2080-02-01,NA,1.33899064385332,2.0537183037959
2080-03-01,NA,5.16157068195753,0.904920377070084
2080-04-01,NA,1.44243632094003,5.29169862857088
2080-05-01,NA,3.59344832540955,2.80467173724901
2080-06-01,NA,0.0416318447491903,8.05618021404371
2080-07-01,NA,0.120710180999595,11.2401852733456
2080-08-01,NA,0.206337718827854,2.99862428801134
2080-09-01,NA,1.93727598816622,2.98404134809971
2080-10-01,NA,1.9190602004528,2.12085326202214
2080-11-01,NA,1.01248794671847,3.02303833595943
2080-12-01,NA,3.29675244865939,2.67425052879844
2081-01-01,NA,1.2941167500685,1.24290649109753
2081-02-01,NA,2.07254623237532,0.524466342176311
2081-03-01,NA,5.01710355165415,2.07448119472247
2081-04-01,NA,3.49611014826223,2.40773657569662
2081-05-01,NA,0.701709863642463,7.29523898335174
2081-06-01,NA,0.254186880619045,5.16659888089634
2081-07-01,NA,0.00306468398498794,5.29387750430033
2081-08-01,NA,0.0679986617797113,4.19089663191698
2081-09-01,NA,0.237445070888498,4.84755090437829
2081-10-01,NA,0.791967146506067,1.22819020034513
2081-11-01,NA,5.76774808578193,1.1088732193457
2081-12-01,NA,5.70663112448528,2.95193475612905
2082-01-01,NA,5.53016183548607,3.85631709359586
2082-02-01,NA,4.06312640989199,8.25489544076845
2082-03-01,NA,4.66553085716441,3.58112669200636
2082-04-01,NA,2.28077062347438,3.63693539402448
2082-05-01,NA,0.919295943458565,4.45594152552076
2082-06-01,NA,0.897414264909457,11.4143862621859
2082-07-01,NA,0.236420520741376,7.94130832655355
2082-08-01,NA,0,6.98541712481529
2082-09-01,NA,2.11659247870557,2.33871875389013
2082-10-01,NA,2.27390097279567,2.1128416818101
2082-11-01,NA,1.06442515243543,3.51000307418872
2082-12-01,NA,2.62894966872409,1.50633864104748
2083-01-01,NA,0.929910124250455,1.38384446036071
2083-02-01,NA,3.15572808030993,0.145305690602981
2083-03-01,NA,1.32383866439341,3.17358844913542
2083-04-01,NA,2.50935903168283,2.18978110933676
2083-05-01,NA,0.950042584736366,4.36341615859419
2083-06-01,NA,0.0257685078395298,7.12292015086859
2083-07-01,NA,2.20642077183584,5.15678938245401
2083-08-01,NA,1.82276179839391,5.92075784225017
2083-09-01,NA,1.60426051297691,4.8407023132313
2083-10-01,NA,2.01905423600692,5.39834802621044
2083-11-01,NA,2.27938666648697,5.18998281913809
2083-12-01,NA,6.01800070144236,3.34752352209762
2084-01-01,NA,4.80339409550652,4.47987929801457
2084-02-01,NA,4.96568277594633,3.36575054679997
2084-03-01,NA,4.94039389304817,1.94346819771454
2084-04-01,NA,1.63598041108344,3.52274652686901
2084-05-01,NA,1.2284077500226,3.15113930264488
2084-06-01,NA,1.06965883896919,11.0068827518262
2084-07-01,NA,7.3979659492645e-05,5.20460206316784
2084-08-01,NA,1.03727309033275,5.90684472117573
2084-09-01,NA,0.569494862429565,2.80342714249855
2084-10-01,NA,2.64620567613747,4.85192232881673
2084-11-01,NA,4.71101567381993,1.54355900594965
2084-12-01,NA,2.6651579188183,3.09217921458185
2085-01-01,NA,4.30185584700666,3.08094521169551
2085-02-01,NA,5.52237499505281,3.00829564221203
2085-03-01,NA,6.83929634978995,6.83469248469919
2085-04-01,NA,2.45994519791566,4.69766393071041
2085-05-01,NA,2.05649934068788,4.62269514100626
2085-06-01,NA,0.588333045743639,2.87278816394974
2085-07-01,NA,0.464756026713076,9.94147161254659
2085-08-01,NA,3.33391065651085,2.30474949348718
2085-09-01,NA,1.33082406391622,8.16785482456908
2085-10-01,NA,2.29573742835782,4.38239566865377
2085-11-01,NA,2.6584161183564,1.33960270613898
2085-12-01,NA,0.469598718336783,3.0931008834159
2086-01-01,NA,1.3891744078137,0.00136464316327078
2086-02-01,NA,1.18891987076495,2.05872312508291
2086-03-01,NA,2.05619719927199,1.63024098146707
2086-04-01,NA,3.969596629031,1.64534915238619
2086-05-01,NA,0.156730059279653,6.86098766745999
2086-06-01,NA,0.000638523646956379,9.50782285071909
2086-07-01,NA,0.324268412441597,4.66420096345246
2086-08-01,NA,0.889414707489777,3.94724900834262
2086-09-01,NA,1.24201087164693,4.0096697746776
2086-10-01,NA,1.471935067093,1.107895837049
2086-11-01,NA,1.37021666450892,4.02396448189393
2086-12-01,NA,0.447623008585651,1.38378411065787
2087-01-01,NA,2.14074006071314,0.0501053395510098
2087-02-01,NA,3.20071925525554,1.33120341051836
2087-03-01,NA,0.016474169964098,0.970438623335212
2087-04-01,NA,1.1005017804564,2.12761902948841
2087-05-01,NA,0.937490357318893,3.70720162172802
2087-06-01,NA,0.00350450827077964,5.05768322618678
2087-07-01,NA,0.290455084905261,1.90116289886646
2087-08-01,NA,0,7.00807340908796
2087-09-01,NA,1.06329536356498,0.829556652388419
2087-10-01,NA,5.89467498357408,4.04366567381658
2087-11-01,NA,0.816513523750473,7.72397333057597
2087-12-01,NA,2.5572082522558,2.25160277914256
2088-01-01,NA,1.46658225276042,2.08999507594854
2088-02-01,NA,2.16738657618407,1.27902673120843
2088-03-01,NA,5.81912265624851,4.68501579598524
2088-04-01,NA,1.93774692015722,5.45578491291963
2088-05-01,NA,1.73453147581313,3.71106007369235
2088-06-01,NA,0.116510675616155,3.16092444118112
2088-07-01,NA,0.979553982324433,2.82379567797761
2088-08-01,NA,0.322897470323369,6.92901011207141
2088-09-01,NA,0.292442784484592,2.67663803533651
2088-10-01,NA,5.21964831277728,0.610934363066917
2088-11-01,NA,4.06385469250381,4.61933535989374
2088-12-01,NA,4.35805980814621,6.43957307911478
2089-01-01,NA,4.21948824659921,3.89670628937893
2089-02-01,NA,4.37090973719023,4.82929967693053
2089-03-01,NA,3.88763717492111,2.4236676399596
2089-04-01,NA,5.87894964264706,1.95337537152227
2089-05-01,NA,6.16972912685014,6.58989900257438
2089-06-01,NA,1.28536549309501,10.3790943394415
2089-07-01,NA,0.0696749523740436,8.48499848507345
2089-08-01,NA,0.60693590057781,5.16415550373495
2089-09-01,NA,2.24454304261599,1.581263661501
2089-10-01,NA,0.762684574874584,2.95894011505879
2089-11-01,NA,0.321699571941281,1.02226978488034
2089-12-01,NA,0.872114145022351,0.00847799022665185
2090-01-01,NA,3.10938752372749,0.392737114816555
2090-02-01,NA,4.63288056780584,1.68574184499448
2090-03-01,NA,3.38529937143903,3.78293908433989
2090-04-01,NA,4.70849607372656,4.67725897324272
2090-05-01,NA,3.65657733636908,3.68768556509167
2090-06-01,NA,0.116271123442857,11.3826410612091
2090-07-01,NA,8.2183954641657e-07,6.65658731013536
2090-08-01,NA,0.00615895030865954,4.97403979534283
2090-09-01,NA,1.06978107069153,0.947674566123169
2090-10-01,NA,3.17901756498031,3.87510266737081
2090-11-01,NA,5.63349671429023,1.84976758318953
2090-12-01,NA,1.7250810895348,4.12776361336
2091-01-01,NA,0.72588909388287,0.435811911665951
2091-02-01,NA,2.41038693347946,0.337919806952414
2091-03-01,NA,1.85511623276398,2.14943733299151
2091-04-01,NA,4.17911460972391,4.65748202987015
2091-05-01,NA,2.2673571947962,12.7010460128076
2091-06-01,NA,0.0496025524398647,5.78209858504124
2091-07-01,NA,1.41113985300763,11.1469729570672
2091-08-01,NA,0.00316566274634056,8.59030871652067
2091-09-01,NA,1.58300162293017,0.265373737602204
2091-10-01,NA,0.184469799205544,1.62054346001241
2091-11-01,NA,0.956350543128792,2.20023480942473
2091-12-01,NA,6.07568684499711,0.115808000373363
2092-01-01,NA,5.72769065620378,3.28514896100387
2092-02-01,NA,4.22096901456825,1.7054203664884
2092-03-01,NA,2.08101444295608,6.49806734290905
2092-04-01,NA,0.799934544920688,2.8970334213227
2092-05-01,NA,0.0207236971391467,4.01631452841684
2092-06-01,NA,0.0170111958439634,5.50271152169444
2092-07-01,NA,0.0197614363401044,9.48171343188733
2092-08-01,NA,0.813548373116646,4.40722705679946
2092-09-01,NA,1.80895700032124,2.66032672079746
2092-10-01,NA,4.85179235693067,1.81718738749623
2092-11-01,NA,6.37296696659178,4.28578883875161
2092-12-01,NA,2.38211671239696,5.98235634388402
2093-01-01,NA,4.64581976411864,2.2821990569355
2093-02-01,NA,3.57484875130467,4.39374565612525
2093-03-01,NA,0.957788975938456,5.23974554962479
2093-04-01,NA,0.480964205780765,0.484412193327444
2093-05-01,NA,0.147277541509538,7.04836343647912
2093-06-01,NA,0.208574216048873,5.76232384191826
2093-07-01,NA,0,7.23602869547904
2093-08-01,NA,0.0577934517650647,4.89507000893354
2093-09-01,NA,0.0238167612224061,0.814576105767628
2093-10-01,NA,1.38281521503814,0.237594432473998
2093-11-01,NA,2.89867512183264,1.81877443537815
2093-12-01,NA,2.56492916378193,2.60640056803823
2094-01-01,NA,1.82715278933756,2.2619906681939
2094-02-01,NA,0.628350851184223,1.75820089643821
2094-03-01,NA,3.23008865816519,0.66499814929557
2094-04-01,NA,1.04010599025059,2.39451464731246
2094-05-01,NA,0.729053131362889,2.73752852808684
2094-06-01,NA,0.00995303257411706,5.90883076074533
2094-07-01,NA,0,3.58179399627261
2094-08-01,NA,0.366804590157699,2.61527142429259
2094-09-01,NA,0.630591785738943,3.54204884497449
2094-10-01,NA,1.88974332850194,1.23433184344321
2094-11-01,NA,2.36746855080128,0.880489984410815
2094-12-01,NA,5.38461611140519,0.621505776507547
2095-01-01,NA,1.52775587048382,4.73104800330475
2095-02-01,NA,4.3949601938948,0.91483996657189
2095-03-01,NA,3.84223361033946,3.34604896197561
2095-04-01,NA,0.501892803004012,4.53108696383424
2095-05-01,NA,0.216263449874532,3.74356828979217
2095-06-01,NA,0.0861463841829391,4.64346706867218
2095-07-01,NA,0,6.31004894385114
2095-08-01,NA,0,5.91016646940261
2095-09-01,NA,1.2787341765943,0.953101285267621
2095-10-01,NA,3.51045074639842,4.63999208877794
2095-11-01,NA,0.806712374469498,2.80440307105891
2095-12-01,NA,3.43434804235585,1.19481282672496
2096-01-01,NA,2.72784444387071,2.55430903052911
2096-02-01,NA,4.58096237853169,1.63093225273769
2096-03-01,NA,4.25510384375229,2.38247040251736
2096-04-01,NA,2.74113002233207,2.74756991711911
2096-05-01,NA,0.0342013762974602,2.95614901988301
2096-06-01,NA,0.0421402420670347,10.1739088073373
2096-07-01,NA,0.0798340788405127,8.68014805018902
2096-08-01,NA,0.947337613615673,6.95904430467635
2096-09-01,NA,2.89449983392842,2.25518706429284
2096-10-01,NA,1.80453304492403,2.74118267116137
2096-11-01,NA,7.44047902990133,1.71597425651271
2096-12-01,NA,2.0416452200152,8.370692061726
2097-01-01,NA,4.46293847635388,2.75935154641047
2097-02-01,NA,1.67540715483483,2.68726516223978
2097-03-01,NA,2.31188726029359,0.837750018399674
2097-04-01,NA,2.98255248635542,0.956400323775597
2097-05-01,NA,3.57045485288836,4.35617183684371
2097-06-01,NA,0.111836553560352,10.0516311940737
2097-07-01,NA,0.00878060600252257,3.49092903197743
2097-08-01,NA,0.00080346197536498,4.30966861895286
2097-09-01,NA,0.00770809034520425,2.2894916270161
2097-10-01,NA,4.27046221448109,1.53726919961628
2097-11-01,NA,1.32136483734939,4.33724466129206
2097-12-01,NA,3.58914770185947,2.34787194931414
2098-01-01,NA,2.72504784807097,1.92061459820252
2098-02-01,NA,4.67875687172636,2.53212697862182
2098-03-01,NA,4.25661902991123,3.73241805355065
2098-04-01,NA,1.08270800847095,3.14221084699966
2098-05-01,NA,1.44882140593836,3.58684781240299
2098-06-01,NA,0.00935910592545497,8.72351402649656
2098-07-01,NA,0,1.55451554164756
2098-08-01,NA,0.593599271905987,4.60747758625075
2098-09-01,NA,0.913574896731006,0.305464981283876
2098-10-01,NA,3.02624464966357,0.120357379819325
2098-11-01,NA,1.78658922377508,1.47707940777764
2098-12-01,NA,1.16032939549768,1.88838157046121
2099-01-01,NA,4.99913144158199,1.28729165444383
2099-02-01,NA,3.72193040675484,3.44174591009505
2099-03-01,NA,4.13125682389364,2.14505247131456
2099-04-01,NA,5.12466998188756,5.74823470087722
2099-05-01,NA,4.14585327962413,8.03388131316751
2099-06-01,NA,0.0422634812139222,6.47269485052675
2099-07-01,NA,3.2584638843397e-05,5.29832970933057
2099-08-01,NA,0.459453834082524,3.82894473150373
2099-09-01,NA,0.965628445555922,2.91085201024543
2099-10-01,NA,0.15508281885559,1.9189332932001
2099-11-01,NA,5.32068125903606,0.0122297840334795
2099-12-01,NA,7.3448917013593,7.62015172513202
2100-01-01,NA,4.60857189609669,5.97597121959552
2100-02-01,NA,4.51457393355668,3.07931749848649
2100-03-01,NA,3.77460328163579,4.48364235344343
2100-04-01,NA,6.62737161037512,3.40219909558073
2100-05-01,NA,1.1433205625508,4.72158960183151
2100-06-01,NA,0.000677881485344756,4.60929970722646
2100-07-01,NA,0.659616260236362,3.58490122016519
2100-08-01,NA,0.209609094599728,5.61579020577483
2100-09-01,NA,0.459137150392053,2.46871421404649
2100-10-01,NA,3.08357356698252,4.01828516623937
2100-11-01,NA,1.01608008990297,9.87039034953341
2100-12-01,NA,NA,1.85380684852134
