time,observation,MIROC-MIROC5_CLMcom-CCLM4-8-17,MIROC-MIROC5_GERICS-REMO2015
1951-01-01,NA,3.06187109090388,0.482670911878813
1951-02-01,NA,0.728504620929016,0.00333179127807171
1951-03-01,NA,3.83428127970546,3.882912453264
1951-04-01,NA,4.08597521600313,4.66198295471258
1951-05-01,NA,8.72664309572428,10.4458565125242
1951-06-01,NA,4.71747827832587,5.35147390910424
1951-07-01,NA,2.06318377749994,7.39881573244929
1951-08-01,NA,2.45958404266275,5.84671441465616
1951-09-01,NA,1.0211289554718,2.39363399741706
1951-10-01,NA,7.68702956847847,4.47000112035312
1951-11-01,NA,1.28104176692432,1.91485041577835
1951-12-01,NA,1.95203392650001,1.28579839220038
1952-01-01,NA,0.798719633894507,0.594226787507068
1952-02-01,NA,1.46114123199368,2.09321097645443
1952-03-01,NA,4.50566040817648,2.71537688677199
1952-04-01,NA,7.18830716796219,9.83356822980568
1952-05-01,NA,4.06234217807651,4.42905871896073
1952-06-01,NA,2.76370756910183,10.0594838848338
1952-07-01,NA,6.56580689828843,4.25140365259722
1952-08-01,NA,2.81908847973682,4.05893964925781
1952-09-01,NA,6.82613194221631,5.39109113160521
1952-10-01,NA,5.74994146591052,4.5119330054149
1952-11-01,NA,1.58948190801311,0.8290516656416
1952-12-01,NA,0.92349154438125,1.35868052020669
1953-01-01,NA,3.76170007511973,1.33768786035944
1953-02-01,NA,1.09528149187099,1.81168794224504
1953-03-01,NA,3.37879755534232,1.35260932438541
1953-04-01,NA,7.80786570394412,6.42625166801736
1953-05-01,NA,4.87786358571611,7.90199175244197
1953-06-01,NA,5.76214687898755,10.1540833013132
1953-07-01,NA,3.70207095402293,6.08603021828458
1953-08-01,NA,3.31006592314225,4.76542124524713
1953-09-01,NA,3.80912346881814,1.44366885360796
1953-10-01,NA,4.06020510708913,6.05507207801566
1953-11-01,NA,5.48999769380316,4.57765147439204
1953-12-01,NA,3.14706931239925,2.4047814833466
1954-01-01,NA,2.32867430022452,0.838075537467375
1954-02-01,NA,3.05987294996157,1.72962649085093
1954-03-01,NA,1.31194494024385,1.03932478377828
1954-04-01,NA,2.37102682585828,4.50377165107056
1954-05-01,NA,6.32381181931123,7.66732696210966
1954-06-01,NA,6.23386875959113,12.1214424376376
1954-07-01,NA,2.53774759476073,6.50063393404707
1954-08-01,NA,2.1967713808408,5.34708519699052
1954-09-01,NA,1.65768940933049,3.26060234801844
1954-10-01,NA,2.03265264281072,3.92810762277804
1954-11-01,NA,5.66412890329957,5.42484940378927
1954-12-01,NA,1.57750775688328,0.0972931211435935
1955-01-01,NA,2.69300270592794,0.314897048519924
1955-02-01,NA,0.60386191616999,0.262510893662693
1955-03-01,NA,5.02904352033511,2.3474560235627
1955-04-01,NA,3.97333516739309,3.83531021070667
1955-05-01,NA,7.06613736692816,5.71580097894184
1955-06-01,NA,3.32365686481353,6.23098517535254
1955-07-01,NA,4.7825574176386,5.23931854404509
1955-08-01,NA,1.75358131527901,7.14075160212815
1955-09-01,NA,4.82201575068757,2.18461806653067
1955-10-01,NA,6.88936554361135,7.27434855652973
1955-11-01,NA,0.874872354324907,1.11633858759888
1955-12-01,NA,3.90870849369094,2.35784780234098
1956-01-01,NA,3.97697359439917,3.33949638297781
1956-02-01,NA,3.7930118269287,3.50876158336177
1956-03-01,NA,1.60164488770533,2.02104263298679
1956-04-01,NA,5.5920155660715,3.52292741881683
1956-05-01,NA,5.03876595175825,5.59323764755391
1956-06-01,NA,9.59352822974324,5.44801944633946
1956-07-01,NA,0.960256870166631,5.33482980681583
1956-08-01,NA,4.6068387280684,4.48805432533845
1956-09-01,NA,7.18690655194223,1.68029642372858
1956-10-01,NA,2.37447555991821,2.52418494201265
1956-11-01,NA,4.20466186478734,7.70538247888908
1956-12-01,NA,2.9351863777265,0.971629508421756
1957-01-01,NA,0.772933494590688,0.00692060972369291
1957-02-01,NA,0.811019972024951,1.83071444334928
1957-03-01,NA,1.76097148214467,3.328843874624
1957-04-01,NA,3.29759372980334,5.30497996369377
1957-05-01,NA,5.45003550359979,5.92977226478979
1957-06-01,NA,7.06188742769882,7.45811340166256
1957-07-01,NA,4.00691506220028,3.59037827001885
1957-08-01,NA,2.62995243247133,3.30909317708574
1957-09-01,NA,2.14315459888894,3.0352417845279
1957-10-01,NA,2.51307761063799,5.43039073236287
1957-11-01,NA,4.72962459898554,2.22604711598251
1957-12-01,NA,2.8071035631001,1.28751592274057
1958-01-01,NA,7.12113857734948,3.27485037851147
1958-02-01,NA,4.05990603030659,3.48877608776093
1958-03-01,NA,4.94164944975637,2.15107997646555
1958-04-01,NA,6.56882501207292,5.57070190552622
1958-05-01,NA,7.18574922066182,10.978762304876
1958-06-01,NA,3.58618255122565,8.79674336174503
1958-07-01,NA,2.93252218980342,5.47309301909991
1958-08-01,NA,1.94127934228163,4.91973653552122
1958-09-01,NA,1.80319108912954,6.47551242727786
1958-10-01,NA,3.42484987922944,6.10499762697145
1958-11-01,NA,2.83255479298532,3.24552215170115
1958-12-01,NA,2.89462006185204,1.82769090752117
1959-01-01,NA,2.46827707160264,1.60489933186909
1959-02-01,NA,0.199997559684562,0.067382142515271
1959-03-01,NA,3.18101617740467,1.86617877334356
1959-04-01,NA,2.35602395259775,6.5058167790994
1959-05-01,NA,7.53817262593657,7.37834115279838
1959-06-01,NA,3.1695608922746,9.6362727927044
1959-07-01,NA,3.56613199110143,6.53291473863646
1959-08-01,NA,5.44461644603871,7.93672834988683
1959-09-01,NA,1.9744137651287,6.6897013806738
1959-10-01,NA,4.85649994807318,4.1401494469028
1959-11-01,NA,10.9464305802248,1.18912480829749
1959-12-01,NA,6.56656692735851,4.74332775338553
1960-01-01,NA,2.67131248838268,2.46799575397745
1960-02-01,NA,1.1827691909275,0.140055124643368
1960-03-01,NA,4.22108342754655,3.23693646350875
1960-04-01,NA,4.19775638147257,6.63890516152605
1960-05-01,NA,8.18408009363338,9.78661458939314
1960-06-01,NA,8.50969628663734,10.6068820925429
1960-07-01,NA,3.19947902171407,8.12190512660891
1960-08-01,NA,2.00330516381655,3.62271109479479
1960-09-01,NA,7.07619407912716,6.66699009016156
1960-10-01,NA,9.0288074570708,5.70469977683388
1960-11-01,NA,5.40537986671552,5.10341431363486
1960-12-01,NA,3.22436722344719,3.8801503542345
1961-01-01,NA,2.07304152427241,0.694538405514322
1961-02-01,NA,0.955359998624772,1.40840678941458
1961-03-01,NA,3.43652503215708,2.11112639080966
1961-04-01,NA,5.37975984625518,7.66000075964257
1961-05-01,NA,4.8227833234705,6.94570513442159
1961-06-01,NA,4.05348837375641,5.63533769454807
1961-07-01,NA,5.54427785100415,11.1491958377883
1961-08-01,NA,4.6753681730479,11.1663565272465
1961-09-01,NA,2.65655706461985,3.7043537129648
1961-10-01,NA,8.4145562374033,7.39841214381158
1961-11-01,NA,1.50807243771851,1.18019918154459
1961-12-01,NA,2.17136997089256,1.24548255116679
1962-01-01,NA,1.06988907937193,0.984898486785823
1962-02-01,NA,3.88061209232546,1.47539912431967
1962-03-01,NA,2.82371733337641,2.01176968112122
1962-04-01,NA,2.19564060971607,4.40790866268799
1962-05-01,NA,6.4043085789308,8.22109992150217
1962-06-01,NA,5.54221417405643,4.94668189203367
1962-07-01,NA,3.49225656827912,4.85107036074623
1962-08-01,NA,1.05769160290947,4.61095838109031
1962-09-01,NA,1.62959182925988,3.94687528023496
1962-10-01,NA,5.70636960910633,7.71162144374102
1962-11-01,NA,2.00754653778858,2.69236557651311
1962-12-01,NA,2.787577919662,2.57517549034674
1963-01-01,NA,0.68452622872428,0.738383643329144
1963-02-01,NA,7.61408595135435,1.06342914659763
1963-03-01,NA,5.45161308255047,4.97572754393332
1963-04-01,NA,0.941215281636687,1.21335376024945
1963-05-01,NA,9.00286179967225,7.23713730694726
1963-06-01,NA,5.74017282924615,7.51537709729746
1963-07-01,NA,7.33448420651257,6.80984066566452
1963-08-01,NA,2.35910768096801,3.33617463475093
1963-09-01,NA,3.96078478661366,5.26216074940749
1963-10-01,NA,3.19336539250799,3.46951730316505
1963-11-01,NA,3.96546503179707,2.0337991300039
1963-12-01,NA,3.81384033244103,4.71278860350139
1964-01-01,NA,1.51542237144895,0.618856086657615
1964-02-01,NA,3.92610193812288,2.50007570721209
1964-03-01,NA,1.03325696691172,1.60405671485933
1964-04-01,NA,4.35927858925425,3.0374291469343
1964-05-01,NA,7.54113919101655,4.33451509452425
1964-06-01,NA,7.32638351619244,8.54567539645359
1964-07-01,NA,4.54425750067458,5.35488115274347
1964-08-01,NA,5.83300717407838,9.43482045549899
1964-09-01,NA,2.28321046452038,2.28450625436381
1964-10-01,NA,4.86644931952469,2.09310131758684
1964-11-01,NA,2.62897662178148,2.53208509529941
1964-12-01,NA,3.25886666541919,1.6226550709689
1965-01-01,NA,1.42159316019388,0.576425088729593
1965-02-01,NA,2.52306650800165,1.1284130072454
1965-03-01,NA,0.901327231986215,2.43033628212288
1965-04-01,NA,2.73301707347855,3.81788470549509
1965-05-01,NA,4.46664872579277,8.03666871506721
1965-06-01,NA,5.56109090102836,6.72201361740008
1965-07-01,NA,4.02167669381015,9.63184903375804
1965-08-01,NA,5.8205847220961,6.22360773850232
1965-09-01,NA,3.49389512557536,5.63792078755796
1965-10-01,NA,2.44404517288785,5.21055389544927
1965-11-01,NA,7.08539112238213,3.76253491267562
1965-12-01,NA,1.22124141926179,2.19682835158892
1966-01-01,NA,3.1412087904755,1.69978733465541
1966-02-01,NA,3.0173763865605,1.73919466906227
1966-03-01,NA,2.57016002142336,3.47182285040617
1966-04-01,NA,2.43469010456465,2.81963209854439
1966-05-01,NA,4.92472104378976,6.85578030534089
1966-06-01,NA,14.0132714062929,6.62284679710865
1966-07-01,NA,6.77491264650598,8.29370878636837
1966-08-01,NA,5.1649886125233,5.45682201627642
1966-09-01,NA,3.76350380829535,4.03009343426675
1966-10-01,NA,3.82959239068441,2.0784711901797
1966-11-01,NA,0.386852026713314,3.74823596212082
1966-12-01,NA,3.92577347229235,3.16958870971575
1967-01-01,NA,5.05139365559444,2.63288709393237
1967-02-01,NA,1.78374744427856,2.09063998481724
1967-03-01,NA,1.87700965907425,0.876688188873231
1967-04-01,NA,2.29368333821185,1.0343374859076
1967-05-01,NA,5.66380640957505,6.42135296948254
1967-06-01,NA,6.53228452429175,11.1643979907967
1967-07-01,NA,5.25469561689533,4.60632449830882
1967-08-01,NA,1.78942118072882,2.7038737462135
1967-09-01,NA,4.67222731676884,6.41413787961937
1967-10-01,NA,2.84942662110552,2.04652600223199
1967-11-01,NA,0.75892254099017,0.117632169349235
1967-12-01,NA,1.67520048853476,1.02067656844156
1968-01-01,NA,1.32239333615871,0.0318611487273301
1968-02-01,NA,0.771840402740054,1.2863151365309
1968-03-01,NA,1.91152568149846,2.71480985102244
1968-04-01,NA,5.01483729458414,5.2784031489864
1968-05-01,NA,5.55610576411709,8.18304314743727
1968-06-01,NA,7.04731894657016,8.447637304198
1968-07-01,NA,1.59281611122424,3.29105835990049
1968-08-01,NA,0.95708200824447,2.54876086546574
1968-09-01,NA,2.70583825476933,4.45300576393493
1968-10-01,NA,2.10776279855054,1.0819600414834
1968-11-01,NA,5.27661670348607,3.87651994242333
1968-12-01,NA,0.457017750159139,0.979308202659013
1969-01-01,NA,3.10680725960992,0.994776801962871
1969-02-01,NA,8.45167130464688,8.82960660383105
1969-03-01,NA,2.22436219628435,5.20729155396111
1969-04-01,NA,2.43985715496819,4.00810618302785
1969-05-01,NA,4.79676584363915,6.09121274901554
1969-06-01,NA,3.05113544454798,5.33986523514614
1969-07-01,NA,4.58177851396613,5.07929753512144
1969-08-01,NA,4.32673076866195,6.10690241446719
1969-09-01,NA,3.90676300157793,7.62407885631546
1969-10-01,NA,4.55567978206091,2.81213443377055
1969-11-01,NA,3.18053243681788,0.950682818074711
1969-12-01,NA,3.76822554389946,2.00879140757024
1970-01-01,NA,1.48769254737999,2.18411805981304
1970-02-01,NA,1.30641229479806,0.735137725132518
1970-03-01,NA,2.46435096196365,2.96151409274898
1970-04-01,NA,7.36150327138603,6.85105165466666
1970-05-01,NA,4.08104995731264,6.23526497511193
1970-06-01,NA,4.04336062492803,7.22270052647218
1970-07-01,NA,7.9856455558911,4.32335825753398
1970-08-01,NA,1.19471674261149,3.52182430797257
1970-09-01,NA,2.89408100070432,2.00661826820578
1970-10-01,NA,1.7239200649783,0.55222565351869
1970-11-01,NA,6.32266140310094,3.26408927212469
1970-12-01,NA,3.21176309371367,2.60429241461679
1971-01-01,NA,4.90634235902689,3.30394962220453
1971-02-01,NA,3.98550380486995,3.37188924313523
1971-03-01,NA,0.863932045467664,3.52433479274623
1971-04-01,NA,4.74743326194584,2.48944638005923
1971-05-01,NA,3.03520280867815,3.74880865565501
1971-06-01,NA,5.65407376270741,7.59445218136534
1971-07-01,NA,6.34199091000482,4.96069402433932
1971-08-01,NA,3.17356047453359,4.61479435907677
1971-09-01,NA,4.86661622417159,6.59876757999882
1971-10-01,NA,0.581336448522052,2.17153294652235
1971-11-01,NA,3.90924896928482,5.69949744385667
1971-12-01,NA,2.66327615536284,1.58782041507948
1972-01-01,NA,0.650646215945017,0.568016432225704
1972-02-01,NA,2.34497037017718,1.16640609194292
1972-03-01,NA,3.41023126384243,1.47536006988958
1972-04-01,NA,4.23042820184492,4.88261958234943
1972-05-01,NA,5.76209611608647,4.44691814482212
1972-06-01,NA,3.79838845110498,8.12863411847502
1972-07-01,NA,2.86621641134843,7.11504357168451
1972-08-01,NA,5.73561988421716,5.5841532885097
1972-09-01,NA,0.964944089355413,2.31535964703653
1972-10-01,NA,8.95491050323471,5.81247004447505
1972-11-01,NA,2.67934072762728,1.9860629865434
1972-12-01,NA,1.88699116988573,2.45693085598759
1973-01-01,NA,2.10011991730426,1.55992670188425
1973-02-01,NA,1.25147379148984,2.46808604279067
1973-03-01,NA,1.82094564952422,1.22892484796466
1973-04-01,NA,7.63235870981589,2.8667488717474
1973-05-01,NA,3.20114838250447,4.49730998952873
1973-06-01,NA,5.98873989656568,9.89232903812081
1973-07-01,NA,7.39579416112974,6.41085935058072
1973-08-01,NA,5.93413001624867,7.97079355688766
1973-09-01,NA,5.15484263305552,5.45215088641271
1973-10-01,NA,5.88568083476275,5.88247868581675
1973-11-01,NA,6.98813474737108,1.19641938217683
1973-12-01,NA,2.44728637626395,1.0206839942839
1974-01-01,NA,5.53231195081025,2.16620292048901
1974-02-01,NA,6.05500041274354,2.14548167714383
1974-03-01,NA,1.51341075397795,1.2270330262254
1974-04-01,NA,4.67954723280855,2.64772109803744
1974-05-01,NA,5.05211628042161,6.54989029280841
1974-06-01,NA,3.91390469740145,7.48329494381323
1974-07-01,NA,2.66945107723586,6.93139816867188
1974-08-01,NA,0.880895458976738,5.62815450830385
1974-09-01,NA,0.95775056979619,5.54299809155054
1974-10-01,NA,4.35611180146225,5.45234718010761
1974-11-01,NA,4.6313138329424,8.23237714357674
1974-12-01,NA,3.05548722390085,1.25051357899792
1975-01-01,NA,2.4194936879212,2.01471990149003
1975-02-01,NA,1.08841176261194,0.728815347247291
1975-03-01,NA,1.02467406832147,0.760422914754599
1975-04-01,NA,6.61113675450906,2.91936626890674
1975-05-01,NA,2.79541025811341,5.32617072458379
1975-06-01,NA,8.79054525867105,9.35102489311248
1975-07-01,NA,7.22302396316081,5.43808940565214
1975-08-01,NA,1.60035950975725,2.85505226638634
1975-09-01,NA,2.58697817916982,1.15274776762817
1975-10-01,NA,6.4968881662935,8.13662228174508
1975-11-01,NA,3.59507360262796,3.14830396673642
1975-12-01,NA,2.86757302237675,3.03699098294601
1976-01-01,NA,0.837275511003099,1.29532441205811
1976-02-01,NA,2.10263904591557,1.11891834094422
1976-03-01,NA,3.79458972020075,2.48447334452067
1976-04-01,NA,5.56247438653372,2.94534398708493
1976-05-01,NA,3.5577246802859,5.12291465420276
1976-06-01,NA,4.7189085977152,9.1257790569216
1976-07-01,NA,2.81865094439127,7.87122786277905
1976-08-01,NA,2.14786525466479,3.14151674683671
1976-09-01,NA,4.58852133597247,4.62526000337675
1976-10-01,NA,5.82647180417553,6.44772076047957
1976-11-01,NA,5.60766106937081,1.11916339374147
1976-12-01,NA,4.41662762314081,5.79977460438386
1977-01-01,NA,3.2063823833596,1.42175401415443
1977-02-01,NA,2.6492638658965,0.745106957765529
1977-03-01,NA,1.98670412355568,3.13444648054428
1977-04-01,NA,7.7542899409309,6.0860198456794
1977-05-01,NA,6.75984848057851,7.14802311267704
1977-06-01,NA,5.12917719315737,8.06289820466191
1977-07-01,NA,4.80200605234131,7.30333810206503
1977-08-01,NA,2.70967006799765,5.34621342667378
1977-09-01,NA,3.77278980449773,7.08375256508589
1977-10-01,NA,4.49964429717511,2.52372964750975
1977-11-01,NA,8.15524299396202,4.97257631504908
1977-12-01,NA,3.52483032038435,0.801647144544404
1978-01-01,NA,2.99846822745167,2.50719327887055
1978-02-01,NA,2.61582321545575,2.29368711006828
1978-03-01,NA,0.970139507262502,0.975920309429057
1978-04-01,NA,6.82659682352096,3.63643295131624
1978-05-01,NA,5.70932077243924,9.13939671590924
1978-06-01,NA,8.18495767889544,9.73268238594756
1978-07-01,NA,7.14607966365293,6.24909197213128
1978-08-01,NA,6.57231869408861,7.77471328619868
1978-09-01,NA,2.96810132567771,1.68522631865926
1978-10-01,NA,1.52136996039189,1.237434981158
1978-11-01,NA,4.39480429049581,4.97772835660726
1978-12-01,NA,3.12007523607463,1.46431198809296
1979-01-01,NA,3.72166590532288,2.90766180551145
1979-02-01,NA,0.488353704713518,5.01985606388189
1979-03-01,NA,2.63322443934157,1.43247068335768
1979-04-01,NA,5.50853165332228,4.87833019578829
1979-05-01,NA,5.35251509863883,5.82229730207473
1979-06-01,NA,4.90548960515298,10.7010571751744
1979-07-01,NA,2.28381710476242,5.73031068197452
1979-08-01,NA,3.21077392436564,2.94493945548311
1979-09-01,NA,3.75765994540416,7.68935711821541
1979-10-01,NA,4.0321376232896,2.85518632445019
1979-11-01,NA,5.18975195009261,4.03625601902604
1979-12-01,NA,1.613226137124,2.10805118840653
1980-01-01,NA,3.3949896635022,1.58495992363896
1980-02-01,NA,5.42185219237581,3.60415222530719
1980-03-01,NA,3.5729332768824,0.837918357137823
1980-04-01,NA,6.71024731127545,5.89007473317906
1980-05-01,NA,3.4007708192803,11.8789840489626
1980-06-01,NA,5.32863201806322,6.66978094959632
1980-07-01,NA,3.82736620958894,5.31647595344111
1980-08-01,NA,3.57221112353727,2.75504117889795
1980-09-01,NA,2.35995548428036,1.07362337439554
1980-10-01,NA,3.77695770584978,2.61051362031139
1980-11-01,NA,7.93513254029676,2.78100899595302
1980-12-01,NA,2.85192500450648,3.15557830617763
1981-01-01,NA,0.52745585271623,0.29400090497802
1981-02-01,NA,3.79643415799364,0.822097226773622
1981-03-01,NA,3.28457155264914,2.23002296697814
1981-04-01,NA,4.84736388316378,3.48545025335625
1981-05-01,NA,5.14979463187046,3.99688821053132
1981-06-01,NA,6.7522727069445,3.89690996962599
1981-07-01,NA,5.58384713949636,7.49866965925321
1981-08-01,NA,2.68507544242311,9.20117280911654
1981-09-01,NA,6.22415151447058,6.29825120558962
1981-10-01,NA,2.1653137053363,3.11951055773534
1981-11-01,NA,4.16173012345098,1.80505481839646
1981-12-01,NA,4.03256415738724,2.24905009672511
1982-01-01,NA,0.615196089347592,0.723020931036444
1982-02-01,NA,4.8798123782035,2.34070495062042
1982-03-01,NA,0.934793912165333,1.33153808419593
1982-04-01,NA,6.87054020818323,3.36652692058124
1982-05-01,NA,3.13727152242791,6.75204985309392
1982-06-01,NA,8.54932026704773,8.2946140319109
1982-07-01,NA,3.37166528915986,4.12723822519183
1982-08-01,NA,2.35423326375894,5.22786640212871
1982-09-01,NA,4.5449270051904,3.73126465128735
1982-10-01,NA,5.68559296661988,5.04532238119282
1982-11-01,NA,4.66343716252595,5.33373722573742
1982-12-01,NA,1.87084369536024,3.16278176615015
1983-01-01,NA,2.6690222643083,1.21133601351175
1983-02-01,NA,3.50213223136961,1.34575684351148
1983-03-01,NA,1.77324353135191,2.71983011334669
1983-04-01,NA,6.97410124121234,3.64164880011231
1983-05-01,NA,8.12239012448117,5.4469738563057
1983-06-01,NA,5.59538273373619,10.5431103729643
1983-07-01,NA,0.146861851499125,7.97462733462453
1983-08-01,NA,1.45396452862769,2.54027253831737
1983-09-01,NA,1.41953643760644,5.87393527384847
1983-10-01,NA,0.754394388059154,1.56609254772775
1983-11-01,NA,7.36282216385007,7.15278162388131
1983-12-01,NA,1.6207307955483,0.703189354680944
1984-01-01,NA,5.65214917296544,2.11967565701343
1984-02-01,NA,2.27745421871077,2.18735859525623
1984-03-01,NA,1.10547167278128,0.316615060364711
1984-04-01,NA,2.77079520164989,3.47196398070082
1984-05-01,NA,5.34112959285267,4.9722938972991
1984-06-01,NA,5.59127675369382,6.90295082749799
1984-07-01,NA,4.93885481846519,7.31167484773323
1984-08-01,NA,6.21509591583163,3.754009102704
1984-09-01,NA,2.43837960879318,3.40667346026748
1984-10-01,NA,5.71721291053109,3.34033436374739
1984-11-01,NA,5.13330328976735,4.418813099619
1984-12-01,NA,1.03863555559656,0.278066815371858
1985-01-01,NA,4.4263536692597,6.57785483635962
1985-02-01,NA,3.14742025220767,0.696625027921982
1985-03-01,NA,3.20294700795785,0.835260593157727
1985-04-01,NA,5.35947763128206,4.30289090727456
1985-05-01,NA,6.4180915709585,5.68994663190097
1985-06-01,NA,6.56675646314397,8.97869457257912
1985-07-01,NA,3.75146286387462,7.13442682754248
1985-08-01,NA,6.04510604753159,5.793686513789
1985-09-01,NA,1.30922896787524,2.68694188271184
1985-10-01,NA,3.10805873014033,1.44635166507214
1985-11-01,NA,3.40009031351656,1.84953970019706
1985-12-01,NA,2.76293119532056,1.20431851391913
1986-01-01,NA,2.3806922865333,1.03285667864839
1986-02-01,NA,4.58125736913644,2.44560043502133
1986-03-01,NA,4.44613737054169,1.82843569200486
1986-04-01,NA,2.99707342637703,2.91451000375673
1986-05-01,NA,6.03589988895692,8.98297625826672
1986-06-01,NA,4.72125563537702,11.1229525180534
1986-07-01,NA,6.6600622900296,6.34067578939721
1986-08-01,NA,8.74767025234178,7.76721169240773
1986-09-01,NA,3.00798807875253,3.95629706326872
1986-10-01,NA,8.73933099210262,3.32851996645331
1986-11-01,NA,6.86383856227621,4.25581593881361
1986-12-01,NA,0.40717327647144,0.0566680676911346
1987-01-01,NA,1.41590508283116,0.914027878025081
1987-02-01,NA,4.83293716097251,2.75931775686331
1987-03-01,NA,5.45215088641271,3.64506185869686
1987-04-01,NA,5.89406252838671,5.75637829606421
1987-05-01,NA,7.16157602146268,5.01301234471612
1987-06-01,NA,10.510806622915,7.09807210369036
1987-07-01,NA,4.15438914787956,6.84322788147256
1987-08-01,NA,2.50401069642976,2.8334923350485
1987-09-01,NA,6.85394121101126,3.80602567456663
1987-10-01,NA,2.78729267301969,0.87108839652501
1987-11-01,NA,2.7105366520118,4.91743161692284
1987-12-01,NA,6.05245063779876,3.20093582267873
1988-01-01,NA,3.59785723267123,0.933993453509174
1988-02-01,NA,2.5695222633658,0.361768071525148
1988-03-01,NA,2.54946989589371,1.75009329104796
1988-04-01,NA,2.91332234046422,3.58478602138348
1988-05-01,NA,8.9961695834063,5.06047518574633
1988-06-01,NA,4.51226822915487,5.24203286622651
1988-07-01,NA,2.1295245634974,5.83625222789124
1988-08-01,NA,4.93259306531399,4.95578652480617
1988-09-01,NA,6.29491122672334,10.1633124053478
1988-10-01,NA,3.25935244909488,4.23757319804281
1988-11-01,NA,2.6335610775277,5.15379075659439
1988-12-01,NA,2.16521037218627,3.15136419958435
1989-01-01,NA,0.634832118521444,0.159841379172576
1989-02-01,NA,2.80116642534267,1.28212252166122
1989-03-01,NA,7.12014940800145,3.96904090885073
1989-04-01,NA,5.56285550119355,4.22882972052321
1989-05-01,NA,4.63065658695996,7.16216223081574
1989-06-01,NA,5.83661338314414,8.42342575779185
1989-07-01,NA,2.87183262698818,6.48003425449133
1989-08-01,NA,5.81935085356236,5.68940018420108
1989-09-01,NA,1.84092147974297,9.30833062157035
1989-10-01,NA,4.13693315349519,3.71211855090223
1989-11-01,NA,4.66922916239128,2.11526572820731
1989-12-01,NA,3.52834851946682,1.89798133797012
1990-01-01,NA,3.85736394091509,3.06896453839727
1990-02-01,NA,0.991129731119145,0.29948462433822
1990-03-01,NA,4.47758380905725,5.21187011618167
1990-04-01,NA,5.28281182050705,4.58300138125196
1990-05-01,NA,4.08721992862411,4.20165176619776
1990-06-01,NA,5.18769094487652,8.04615116212517
1990-07-01,NA,4.24925432307646,8.19364457856864
1990-08-01,NA,2.59899586380925,4.68945589964278
1990-09-01,NA,2.45532781700604,7.13046386372298
1990-10-01,NA,5.76328330789693,3.74074631254189
1990-11-01,NA,4.70429721171968,5.80181895056739
1990-12-01,NA,1.26427060022252,0.608760103932582
1991-01-01,NA,1.0189122040174,2.14440379058942
1991-02-01,NA,3.66103111300617,2.79262238473166
1991-03-01,NA,3.20494719198905,1.01782649871893
1991-04-01,NA,5.2635800675489,4.25025575095788
1991-05-01,NA,3.64858587272465,6.99795163236558
1991-06-01,NA,8.27693565515801,5.91781547991559
1991-07-01,NA,4.53669194248505,6.14301919704303
1991-08-01,NA,2.55716094688978,4.16501038125716
1991-09-01,NA,0.565139586251462,2.52255620725919
1991-10-01,NA,1.25274203892332,0.651099526294274
1991-11-01,NA,4.42904410301708,2.43411269620992
1991-12-01,NA,1.12223458854714,0.910121452761814
1992-01-01,NA,2.31967575091403,2.03774433466606
1992-02-01,NA,0.119534069017391,0.058820563754125
1992-03-01,NA,3.55240070493892,2.96940638800152
1992-04-01,NA,3.13472685520537,2.76828424539417
1992-05-01,NA,6.75855724839494,7.66561328200623
1992-06-01,NA,5.70853496901691,3.27907532919198
1992-07-01,NA,7.59884293656796,7.76218569371849
1992-08-01,NA,5.22509817383252,2.9518153925892
1992-09-01,NA,1.41183965024538,6.565706001129
1992-10-01,NA,3.21215489530005,2.04593515663873
1992-11-01,NA,5.42654956807382,4.10992178949527
1992-12-01,NA,1.04284031112911,2.8152116399724
1993-01-01,NA,1.20319571869913,1.19439562404295
1993-02-01,NA,1.98546970495954,2.01549383928068
1993-03-01,NA,2.58427077205852,2.7023308997741
1993-04-01,NA,2.25776002043858,1.34215660655173
1993-05-01,NA,6.34111112449318,7.55701744928956
1993-06-01,NA,3.5120272252243,11.6358244093135
1993-07-01,NA,5.8096376946196,6.0775394551456
1993-08-01,NA,1.56880592694506,6.72858136240393
1993-09-01,NA,4.07697116606869,0.919812294887379
1993-10-01,NA,0.736456067534164,2.62478239601478
1993-11-01,NA,6.46992002148181,4.23986884416081
1993-12-01,NA,6.00224188528955,1.71174105489627
1994-01-01,NA,4.8919481690973,2.32332612213213
1994-02-01,NA,1.88476828916464,0.977360215620138
1994-03-01,NA,1.3277402962558,2.23368520382792
1994-04-01,NA,2.52510983264074,4.01966943754815
1994-05-01,NA,7.76107519632205,10.3150472743437
1994-06-01,NA,4.19734446331859,8.25140050146729
1994-07-01,NA,4.74969951901585,4.89786652615294
1994-08-01,NA,3.3413515862776,4.9552985408809
1994-09-01,NA,3.89172225259244,3.21043618605472
1994-10-01,NA,3.23372111306526,3.61745438422076
1994-11-01,NA,0.292814106069272,1.87067639781162
1994-12-01,NA,3.35274581448175,0.160962960694633
1995-01-01,NA,0.628603153018048,0.40383152954746
1995-02-01,NA,0.845650564588141,0.28633107067435
1995-03-01,NA,1.13687445991673,1.22919378918596
1995-04-01,NA,4.89174448885024,2.35561871377286
1995-05-01,NA,6.60186207387596,9.51200426789001
1995-06-01,NA,4.41934681730345,8.08399105444551
1995-07-01,NA,5.78307360992767,8.22516095358878
1995-08-01,NA,4.74460641271435,4.60085939266719
1995-09-01,NA,0.261174684055732,0.752464710240019
1995-10-01,NA,4.84875412657857,1.64759470353602
1995-11-01,NA,3.78722077002749,4.39780338783748
1995-12-01,NA,0.497721188730793,3.284955889103
1996-01-01,NA,2.15526312240399,2.07883038092405
1996-02-01,NA,1.78577245969791,0.489598073545494
1996-03-01,NA,3.62883926136419,4.72941211774014
1996-04-01,NA,4.82673355727457,1.42597067460883
1996-05-01,NA,5.1454690983519,4.98677263967693
1996-06-01,NA,2.13849046267569,8.82890849607065
1996-07-01,NA,1.65516144043067,4.12850855500437
1996-08-01,NA,6.7490097368136,6.05804115766659
1996-09-01,NA,1.66554532188457,1.72937456227373
1996-10-01,NA,4.85763134784065,3.26732505345717
1996-11-01,NA,2.90546147734858,5.72025475557894
1996-12-01,NA,1.73811544664204,0.741084940818837
1997-01-01,NA,2.02462589659262,0.89733941713348
1997-02-01,NA,1.34489595657215,0.46968462629593
1997-03-01,NA,1.32104269723641,0.296306697782711
1997-04-01,NA,5.69254984147847,5.0140920386184
1997-05-01,NA,8.23114437516779,8.70951258111745
1997-06-01,NA,3.21345147094689,7.21992318285629
1997-07-01,NA,2.78550772054587,3.03194785374217
1997-08-01,NA,4.71095579559915,8.29979184782133
1997-09-01,NA,5.07951803156175,6.24730065464973
1997-10-01,NA,5.1002187654376,3.01594040938653
1997-11-01,NA,2.25935347261839,2.65860699000768
1997-12-01,NA,2.21277403179556,1.67037762003019
1998-01-01,NA,0.645766514207935,0.344129230506951
1998-02-01,NA,1.18710018577985,1.26018556184135
1998-03-01,NA,3.94523342256434,5.49934262526222
1998-04-01,NA,3.54002791573294,3.01671536872163
1998-05-01,NA,5.80004397779703,4.44300940143876
1998-06-01,NA,5.92113424208947,4.84354503569193
1998-07-01,NA,1.69079919724027,3.99371702224016
1998-08-01,NA,2.63539262814447,8.30299101071432
1998-09-01,NA,4.84175466117449,6.09845062717795
1998-10-01,NA,2.10133846267127,2.74023059173487
1998-11-01,NA,3.70683087967336,6.38120721559972
1998-12-01,NA,2.67083786311559,1.05165527711506
1999-01-01,NA,1.04580322222319,3.65777977276593
1999-02-01,NA,0.430651628994383,0.330531555482594
1999-03-01,NA,1.04159406619146,0.816672884684522
1999-04-01,NA,2.73447835352272,3.83373106014915
1999-05-01,NA,5.92672586208209,10.5301295290701
1999-06-01,NA,4.95588962221518,5.74747027130798
1999-07-01,NA,4.86895414651372,6.94936729269102
1999-08-01,NA,7.55904042162001,6.68985665543005
1999-09-01,NA,1.44672012829687,2.50174051034264
1999-10-01,NA,4.11780009744689,0.349817659025575
1999-11-01,NA,2.58663501881529,1.52879666711669
1999-12-01,NA,1.56225735554472,2.76969201222528
2000-01-01,NA,3.63976208609529,3.92022648593411
2000-02-01,NA,4.23812498920597,2.2915505891433
2000-03-01,NA,4.76837822352536,6.40698251081631
2000-04-01,NA,9.45277794962749,3.24905433808453
2000-05-01,NA,8.25721230357885,8.47507441649213
2000-06-01,NA,6.08705553459004,9.50389131903648
2000-07-01,NA,6.09858547104523,9.24046298023313
2000-08-01,NA,5.79974914435297,7.98165021697059
2000-09-01,NA,7.86818271735683,3.03445032332093
2000-10-01,NA,4.082692443626,2.59608846972696
2000-11-01,NA,3.21139353036415,0.728074688231573
2000-12-01,NA,2.10295658907853,0.651753393321997
2001-01-01,3.43225806451613,4.55607881303877,4.28566876798868
2001-02-01,1.00714285714286,4.03708582744002,1.82417679461651
2001-03-01,5.47096774193548,2.01829829311464,2.5515217857901
2001-04-01,2.76666666666667,5.92937056208029,3.24248282122426
2001-05-01,2.86451612903226,5.19244615570642,6.53671645559371
2001-06-01,2.95333333333333,4.00263274786994,6.77897084970027
2001-07-01,3.14838709677419,3.15531466912944,4.72728761960752
2001-08-01,2.73548387096774,2.12275309895631,3.60991012130398
2001-09-01,3.52,3.27367057325318,3.15089287469164
2001-10-01,0.806451612903226,1.34339267533505,0.962679914664477
2001-11-01,0.56,2.65609901980497,3.76621247269213
2001-12-01,0.00645161290322581,6.14946498535573,4.82595231151208
2002-01-01,0.354838709677419,1.85004764352925,0.754090576810995
2002-02-01,2.57857142857143,2.39861449808814,1.61871206655633
2002-03-01,2.03870967741935,3.54341677157208,1.72872835682938
2002-04-01,2.75333333333333,5.73180669452995,3.69842278305441
2002-05-01,7.91612903225806,8.15687086433172,7.98460923833773
2002-06-01,4.12666666666667,4.50406491290778,10.2160866488703
2002-07-01,3.44516129032258,6.12062599975616,3.29764087800868
2002-08-01,3.11612903225806,2.90053032513242,3.93506669788621
2002-09-01,2.06,5.33757210359909,3.99077010224573
2002-10-01,1.38709677419355,1.99851074139588,1.03102237771964
2002-11-01,15.72,0.112812606130319,1.32579354685731
2002-12-01,1.30967741935484,3.42977309483103,2.76994276209734
2003-01-01,1.00645161290323,1.20555481844349,2.15128923591692
2003-02-01,0.00714285714285714,5.2038285182789,4.85563053516671
2003-03-01,0.0516129032258065,4.86500029801391,1.74776487692725
2003-04-01,0.586666666666667,3.01927787368186,2.83983376866672
2003-05-01,2.72258064516129,7.86127330502495,7.03307704534382
2003-06-01,2.24,4.21606324380264,5.13669544598088
2003-07-01,2.36774193548387,2.90990299545228,6.13560875644907
2003-08-01,3.14838709677419,3.34233627654612,6.18436502991244
2003-09-01,0.2,3.16281744162552,2.10177442640997
2003-10-01,5.04516129032258,4.57857337896712,2.60387271700893
2003-11-01,6.65333333333333,5.84132820367813,3.33062953432091
2003-12-01,2.96774193548387,2.02351539919619,0.722523635340622
2004-01-01,0.167741935483871,0.818447189521976,3.18174115964212
2004-02-01,2.44827586206897,1.81539984187111,0.709401955828071
2004-03-01,1.5741935483871,1.53791347984225,0.687064805970294
2004-04-01,1.17333333333333,4.02288353070617,4.2368711612653
2004-05-01,3.8258064516129,7.19651629915461,8.10113257030025
2004-06-01,1.96666666666667,4.89647864014842,9.48631321080029
2004-07-01,1.67741935483871,3.6891553318128,7.135423226282
2004-08-01,1.32258064516129,3.36747868568636,6.45779381738976
2004-09-01,1.3,2.69861420674715,3.49401173880324
2004-10-01,4.90967741935484,7.17515281867236,3.93052789731883
2004-11-01,3.30666666666667,3.81203942815773,1.02639379911125
2004-12-01,1.74838709677419,4.48968895361759,4.73078350187279
2005-01-01,0.148387096774194,0.298155889686313,0.485367514193058
2005-02-01,0.05,2.77194593218155,1.36706303892424
2005-03-01,0.316129032258065,2.52665377920493,1.94130708114244
2005-04-01,2.20666666666667,4.47972842375748,4.6927812625654
2005-05-01,2.36774193548387,4.95300650945865,8.12891292152926
2005-06-01,1.33333333333333,3.85241762269288,8.07420465862378
2005-07-01,3.45161290322581,4.86761435167864,6.47762372391298
2005-08-01,3.35483870967742,3.45311805722304,4.35007871710695
2005-09-01,3.22,2.03222901618574,4.51876258011907
2005-10-01,3.39354838709677,4.28311773575842,1.62159510073252
2005-11-01,1.99333333333333,3.69765536743216,2.37276714469772
2005-12-01,1.87096774193548,4.17359308339655,4.40928177558817
2006-01-01,1.16774193548387,7.1098129497841,4.68828473822214
2006-02-01,1.92142857142857,7.56331550655887,6.06517295236699
2006-03-01,0.741935483870968,2.53612278902438,2.4814069038257
2006-04-01,1.98,5.17089062486775,4.39721010625362
2006-05-01,1.61290322580645,4.76120446692221,9.71327995648608
2006-06-01,0.986666666666667,2.57688555575442,12.9562325309962
2006-07-01,2.5741935483871,1.7139295960078,3.92100710305385
2006-08-01,4.50967741935484,3.79791099694557,10.1174284005538
2006-09-01,2.14666666666667,2.67104559025029,4.9995826499071
2006-10-01,0.967741935483871,4.04068983625621,2.74234951066319
2006-11-01,0.42,4.95109182083979,5.51783116534352
2006-12-01,2.25161290322581,2.23412061750423,0.573131973214913
2007-01-01,1.69032258064516,4.21754935523495,1.18853305903031
2007-02-01,0.671428571428571,2.73566790274344,2.07361036736984
2007-03-01,1.99354838709677,5.0906052463688,3.67029243498109
2007-04-01,0.953333333333333,5.56703786132857,6.57557914964855
2007-05-01,2.32903225806452,4.86592283123173,9.1827007709071
2007-06-01,1.64,5.9549959260039,9.79919781675562
2007-07-01,1.89677419354839,4.29344523581676,5.56279263691977
2007-08-01,5.53548387096774,1.87960414623376,6.08264906331897
2007-09-01,2.02666666666667,1.24150190677028,3.77739414107054
2007-10-01,0.612903225806452,5.29322371585295,5.46030642581172
2007-11-01,4.01333333333333,3.1884057156276,2.21410337544512
2007-12-01,0.0258064516129032,1.00181763991714,1.30721353925765
2008-01-01,3.01290322580645,4.13930737995543,2.29863091371953
2008-02-01,1.02758620689655,1.58001344825607,2.21949217957444
2008-03-01,0.561290322580645,2.55559295474086,1.4422729916987
2008-04-01,5.76666666666667,3.96091302973218,4.99927147175185
2008-05-01,5.4,5.67087644012645,7.78910669032484
2008-06-01,3.58,6.51997601380572,9.24464093986899
2008-07-01,3.09032258064516,5.18721443368122,8.94027412869036
2008-08-01,1.80645161290323,4.15570835466497,6.22983507346362
2008-09-01,3.5,5.43969464488328,4.63152128504589
2008-10-01,5.92903225806452,3.72942744288594,1.02999658993213
2008-11-01,7.61333333333333,6.02768682874739,4.22468445030972
2008-12-01,5.86451612903226,3.22962204809301,2.16198032721877
2009-01-01,2.87096774193548,1.00050220989942,1.21915668278234
2009-02-01,4.75714285714286,NA,0.926380197051913
2009-03-01,3.21935483870968,7.40297074662521,6.48866614792496
2009-04-01,4.62666666666667,6.74869132926688,5.32890076283365
2009-05-01,0.2,5.8307123137638,5.59153103968129
2009-06-01,1.39333333333333,2.7579631889239,9.34014560189098
2009-07-01,1.79354838709677,4.07404672005214,6.52575072599575
2009-08-01,2.74838709677419,2.95560783706605,5.04206444020383
2009-09-01,2.54666666666667,2.60030336212367,0.720638198254164
2009-10-01,1.87096774193548,6.61708245752379,3.86426675249822
2009-11-01,6.2,2.80420481285546,2.94362433487549
2009-12-01,5.71612903225806,2.45666478294879,1.90729727328289
2010-01-01,0.92258064516129,2.34679512359435,1.07634441519622
2010-02-01,2.65,NA,2.05785571597517
2010-03-01,2.21290322580645,5.76266205171123,4.13634395808913
2010-04-01,1.23333333333333,5.02543605398387,2.00482812942937
2010-05-01,4.21290322580645,6.04626730782911,10.8485185308382
2010-06-01,3.22666666666667,2.79011881502811,9.77212877478451
2010-07-01,2.38709677419355,4.07261781510897,5.85600559716113
2010-08-01,3.05806451612903,4.98780015623197,9.96889835223556
2010-09-01,4.46666666666667,3.62962522194721,2.924392503337
2010-10-01,6.44516129032258,7.87286453414708,2.51639205089305
2010-11-01,9.50666666666667,2.45667138369754,1.17960923962528
2010-12-01,4.51612903225806,2.09364418988116,0.982980006665457
2011-01-01,0.296774193548387,4.50476694968529,1.06762514042202
2011-02-01,1.29285714285714,NA,1.5904442028841
2011-03-01,2.25806451612903,3.668619930977,1.86301976500545
2011-04-01,1.28666666666667,5.02174356370233,3.95970399258658
2011-05-01,2.18571428571429,6.27749876584858,5.92618680093437
2011-06-01,5.86666666666667,8.09364166343585,7.28683340130374
2011-07-01,3.76153846153846,0.533119609463029,9.78109164861962
2011-08-01,2.41935483870968,3.62620147643611,7.15097741922364
2011-09-01,4.96,9.68843819573522,5.44462603284046
2011-10-01,3.53548387096774,3.21657944004983,3.33396919886582
2011-11-01,2.21333333333333,0.598125060059829,1.45656490931287
2011-12-01,0.832258064516129,0.653018281445839,0.116993114716024
2012-01-01,0.612903225806452,0.833208280891995,0.154095309517288
2012-02-01,0.206896551724138,4.36461309436709,0.38205583623494
2012-03-01,0.980645161290323,5.77318993164226,3.14004140091129
2012-04-01,6.82666666666667,5.39250400615856,6.7578402813524
2012-05-01,2.94838709677419,6.56526076490991,7.04241364728659
2012-06-01,3.75333333333333,3.62907830276527,6.72841288615018
2012-07-01,3.49032258064516,3.43489087536,6.4443128881976
2012-08-01,3.20645161290323,2.22831392311491,4.80175302363932
2012-09-01,3.58,0.570270548632834,2.68895361805335
2012-10-01,4.43870967741935,2.20846217125654,1.40784222894581
2012-11-01,10.0333333333333,3.39922561543062,1.32512671407312
2012-12-01,0.87741935483871,1.29361564322608,2.54943327745423
2013-01-01,1.26451612903226,2.08774249185808,1.14056746097049
2013-02-01,1.74285714285714,0.7727233118203,0.161754928376467
2013-03-01,4.8,2.12620890524704,0.191606009138923
2013-04-01,4.61333333333333,9.34915436664596,3.64001134294085
2013-05-01,7.23225806451613,4.3442293535918,6.86828243779019
2013-06-01,1.90666666666667,4.45906635141,1.89629327505827
2013-07-01,1.01935483870968,4.07592479023151,4.63578316848725
2013-08-01,2.67741935483871,2.76679711241741,5.89966813568026
2013-09-01,2.17333333333333,2.16918638034258,3.69313322589733
2013-10-01,7.10967741935484,2.26525194884744,2.93363771634176
2013-11-01,3.4,4.2314664053265,1.08933052397333
2013-12-01,3.76129032258065,2.06537766207475,5.56414107559249
2014-01-01,8.63870967741935,3.68302292190492,1.97773441323079
2014-02-01,8,1.52053810888901,1.96855363610666
2014-03-01,1.72903225806452,5.51247670082375,0.883998616336612
2014-04-01,2.54666666666667,4.51773553504609,5.53129512118176
2014-05-01,1.10322580645161,8.23689519893378,5.86950428551063
2014-06-01,2.09333333333333,3.82448199670762,9.08623397117481
2014-07-01,4.03870967741936,4.88755992846563,5.72188105434179
2014-08-01,3.4,2.34262600424699,6.54795501613989
2014-09-01,1.08,2.87641975446604,6.50283544091508
2014-10-01,1.98709677419355,1.72019095625728,6.83021089062095
2014-11-01,12.16,1.89866145083215,1.42114772752393
2014-12-01,2.46451612903226,0.869756381143816,0.752003993693506
2015-01-01,2,1.78527811076492,0.394122663055896
2015-02-01,1.31428571428571,5.89911178685725,0.167440830045962
2015-03-01,0.929032258064516,7.48485932126641,4.94226520531811
2015-04-01,0.406666666666667,6.72474962775595,2.95541374362074
2015-05-01,3.49677419354839,4.86147801275365,6.70050869230181
2015-06-01,3.38666666666667,2.17508937494131,6.30755731835961
2015-07-01,0.916129032258065,0.702129620185588,6.18915497325361
2015-08-01,2.11612903225806,4.86236958531663,3.46933782566339
2015-09-01,4.38,6.12060273997486,6.35747170890681
2015-10-01,4.28387096774194,3.21158220176585,4.28846685681492
2015-11-01,0.0133333333333333,0.500341646693414,4.02146924170665
2015-12-01,0,0.845760577067267,0.360123964492232
2016-01-01,0.774193548387097,3.00384658039548,0.587844904657686
2016-02-01,3.67586206896552,5.10157223325223,1.81627428391948
2016-03-01,2.21935483870968,3.49413008079864,3.0026554595679
2016-04-01,1.40666666666667,5.78575712861493,1.84293879428878
2016-05-01,3.90322580645161,4.54621320823207,8.37567908456549
2016-06-01,2.52,3.03045592736453,5.0815845374018
2016-07-01,2.12903225806452,1.91964365949389,4.9190022808034
2016-08-01,2.3741935483871,2.43888425175101,5.80734880641103
2016-09-01,0.793333333333333,2.55652499618009,3.98403278086334
2016-10-01,1.79354838709677,5.99904177943245,0.484027905986295
2016-11-01,2.4,0.623026306129759,3.44763990724459
2016-12-01,0,1.54261572752148,0.0596475954580455
2017-01-01,0.032258064516129,0.878114873921731,3.89204788953066
2017-02-01,2.37857142857143,3.1555806635879,0.37101466950844
2017-03-01,0.774193548387097,2.74318348383531,1.75695135112619
2017-04-01,1.88666666666667,4.4691180344671,2.45515611895826
2017-05-01,2.32903225806452,2.59639540454373,4.30182724376209
2017-06-01,3.83333333333333,0.820880390529055,4.44729753071442
2017-07-01,2.6,5.84034060593694,4.03704182244837
2017-08-01,7.30967741935484,3.53816776187159,3.03364094579592
2017-09-01,3.52666666666667,5.96636933041736,7.36601472599432
2017-10-01,0.193548387096774,7.10112730739638,7.74556375108659
2017-11-01,2.46666666666667,4.17389828944579,5.0775274343323
2017-12-01,4.48387096774194,1.54560382361524,3.66957326768897
2018-01-01,0.909677419354839,5.2987119241152,4.7076825707336
2018-02-01,0.628571428571429,2.58763770398218,5.68492754828185
2018-03-01,2.70322580645161,1.71317530330271,2.25111196632497
2018-04-01,2.66666666666667,7.24852674175054,3.13620872329921
2018-05-01,2.44516129032258,5.69926971802488,6.57033941242844
2018-06-01,0.973333333333333,2.37274082028307,4.46216005948372
2018-07-01,2.25161290322581,1.06184406322427,6.43724600085989
2018-08-01,3.40645161290323,0.34379975295451,3.0055232491577
2018-09-01,0.713333333333333,0.830945353663992,5.35377411288209
2018-10-01,7.65806451612903,2.87993826786987,1.92966013855767
2018-11-01,3.05333333333333,2.0656255830545,2.82272769254632
2018-12-01,0.0709677419354839,0.387702717853244,6.13420028239489
2019-01-01,0.148387096774194,0.197970933368197,0.958006309519988
2019-02-01,3.15,1.76016367622651,0.000839701210963995
2019-03-01,0.87741935483871,5.75640139868483,1.91473034501541
2019-04-01,5.32666666666667,2.55272940848954,9.57107122521847
2019-05-01,3.05806451612903,4.0889754134696,5.73703920235857
2019-06-01,0.76,5.42051255470142,7.46374698355794
2019-07-01,4.13548387096774,3.38273560919333,8.52798161795363
2019-08-01,2.78064516129032,1.85783110500779,6.24347976408899
2019-09-01,2.38666666666667,2.24851677194238,3.45930311596021
2019-10-01,1.94838709677419,2.39377512771171,0.846351619111374
2019-11-01,12.6533333333333,1.91581876133569,2.46727650810499
2019-12-01,2.85806451612903,7.98066293355078,4.13994545233436
2020-01-01,0.0129032258064516,0.406786091480171,2.75274238956627
2020-02-01,0.0275862068965517,2.42650462605525,0.147853687667521
2020-03-01,2.79354838709677,6.62417511921376,1.81950032128952
2020-04-01,1.11333333333333,9.28670091088861,5.89018128812313
2020-05-01,2.05161290322581,4.66801336733624,7.07950796931982
2020-06-01,2.32666666666667,4.13397444644943,6.65699435630813
2020-07-01,2.54193548387097,3.86453486862592,6.69638951076195
2020-08-01,5.89677419354839,6.14493671455421,4.72228488069959
2020-09-01,2.4,9.22991058323532,4.00503133423626
2020-10-01,5.56774193548387,2.75551714003086,4.9592170282267
2020-11-01,0.0266666666666667,1.76991455373354,3.63882430829108
2020-12-01,8.21935483870968,4.18055498739704,2.15004491619766
2021-01-01,2.95483870967742,2.1419616707135,3.03106123174075
2021-02-01,1.64285714285714,0.995165342465043,0.89945664658444
2021-03-01,0.00645161290322581,3.78545962739736,1.02613640920026
2021-04-01,1.16,7.22028276650235,1.99899338185787
2021-05-01,3.65806451612903,4.15486785932444,7.91214716155082
2021-06-01,0.593333333333333,0.63030329765752,5.88879418792203
2021-07-01,4.05161290322581,0.99451214337023,3.91703769564629
2021-08-01,3.53548387096774,2.44704741344322,2.13217558921315
2021-09-01,1.63333333333333,4.18730912497267,1.00259028113214
2021-10-01,2.6,1.30570892215474,6.55664474470541
2021-11-01,5.36,2.06067415711004,0.314654775502277
2021-12-01,0.554838709677419,0.949627719819546,4.19012292986736
2022-01-01,0.367741935483871,1.02025368832983,0.22429905111494
2022-02-01,0.971428571428571,4.40484387218021,3.13631590688601
2022-03-01,0,2.3548220662633,4.04839243856259
2022-04-01,NA,7.57015891140327,3.95180729683489
2022-05-01,NA,5.75820937519893,5.94262643717229
2022-06-01,NA,4.61774316499941,7.91267459280789
2022-07-01,NA,4.440765932668,10.0282085943036
2022-08-01,NA,2.57683754316531,13.1544096395373
2022-09-01,NA,6.36443691328168,4.65010710759088
2022-10-01,NA,3.83321384433657,8.9068639674224
2022-11-01,NA,5.0099054351449,3.42711315024644
2022-12-01,NA,1.41434219840448,4.77520622662269
2023-01-01,NA,0.70135821661097,1.64718086016364
2023-02-01,NA,1.55027573928237,0.186243215102877
2023-03-01,NA,6.47234092466533,1.33153258357197
2023-04-01,NA,5.47264369670302,5.49070868873969
2023-05-01,NA,7.40955640794709,7.10148154757917
2023-06-01,NA,1.43943816656247,4.69842128804885
2023-07-01,NA,5.26970509090461,6.85157405678183
2023-08-01,NA,4.39065996324643,7.69047107314691
2023-09-01,NA,1.91480342473369,5.04967903252691
2023-10-01,NA,5.71225841995329,4.43381880177185
2023-11-01,NA,3.01583369728178,4.44017752306536
2023-12-01,NA,2.49420630570967,1.34155444538919
2024-01-01,NA,2.43454095907509,2.79016674903687
2024-02-01,NA,2.83745859924238,1.04832333308877
2024-03-01,NA,7.27364950580522,2.13450832525268
2024-04-01,NA,6.259461119771,6.81286349426955
2024-05-01,NA,3.89411722426303,8.28331134980544
2024-06-01,NA,1.00535917736124,10.2810355019756
2024-07-01,NA,2.76858426514082,6.13551980350167
2024-08-01,NA,1.34281349892262,6.76785990362987
2024-09-01,NA,2.79904491326306,2.36224759428296
2024-10-01,NA,4.65003025601618,3.35921391961165
2024-11-01,NA,4.04105382040143,4.82361768954434
2024-12-01,NA,3.13457205193117,3.40230675064959
2025-01-01,NA,1.20706776506267,1.98492722556693
2025-02-01,NA,2.26234620495234,0.467338610178558
2025-03-01,NA,7.59225067449734,2.73826183984056
2025-04-01,NA,7.84572382690385,6.62801769794896
2025-05-01,NA,3.13135112228338,7.78190401615575
2025-06-01,NA,3.18488453049213,7.82552144955844
2025-07-01,NA,1.98037498776102,3.71818463900127
2025-08-01,NA,5.24908765219152,2.72086281620432
2025-09-01,NA,1.46810981532326,4.49641480227001
2025-10-01,NA,5.55355473188683,5.1099619420711
2025-11-01,NA,2.89711860241368,3.36102283908986
2025-12-01,NA,2.88204249227419,1.22838610113831
2026-01-01,NA,2.91132474958431,2.75248024554458
2026-02-01,NA,5.88874138193205,1.23365440231282
2026-03-01,NA,2.9195204435382,4.74482219433412
2026-04-01,NA,6.6366596496664,2.11184709041845
2026-05-01,NA,5.5317540303804,6.50640990352258
2026-06-01,NA,4.78329638717696,7.79479810735211
2026-07-01,NA,0.472857219210709,3.04480689810589
2026-08-01,NA,2.37600685504731,8.68336732964963
2026-09-01,NA,3.66410313290544,7.64035158790648
2026-10-01,NA,2.70825145707931,3.50290561909787
2026-11-01,NA,2.59496587095782,3.09862421709113
2026-12-01,NA,6.70740458881482,1.17395023698919
2027-01-01,NA,1.40776321641169,3.24540467408951
2027-02-01,NA,2.69786533608567,1.33221336436691
2027-03-01,NA,8.01580343395472,2.22042610694189
2027-04-01,NA,6.54170410707593,9.19364135479555
2027-05-01,NA,5.63613905687816,6.23001926578581
2027-06-01,NA,4.44990749820136,7.50695579918101
2027-07-01,NA,3.02865085832309,6.30204475019127
2027-08-01,NA,1.15885982522741,5.75292814755812
2027-09-01,NA,9.83158360468224,4.09440390067175
2027-10-01,NA,5.1068346016109,4.88398640882224
2027-11-01,NA,6.18595298146829,2.73197101196274
2027-12-01,NA,2.68916916393209,3.39904755237512
2028-01-01,NA,0.613613834866555,2.7842857176438
2028-02-01,NA,0.0162280359518263,4.04035932733677
2028-03-01,NA,1.18212420347845,0.332613079990551
2028-04-01,NA,6.58336646156386,1.94977780629415
2028-05-01,NA,2.5010823213961,7.2320195264183
2028-06-01,NA,1.92480426630937,3.71879646554589
2028-07-01,NA,2.70807693013921,4.10757710924372
2028-08-01,NA,3.32573115010746,6.57928342698142
2028-09-01,NA,3.5449382441584,3.36909885518253
2028-10-01,NA,4.03541945270263,5.41867628926411
2028-11-01,NA,2.93785763788037,9.73027059808373
2028-12-01,NA,1.01574227301171,2.279728333815
2029-01-01,NA,4.76194485090673,1.21108923194697
2029-02-01,NA,3.26963767292909,1.39150451141177
2029-03-01,NA,2.14231685386039,1.85017918702215
2029-04-01,NA,2.82905309577473,8.29997446853667
2029-05-01,NA,7.34681409085169,4.62502551963553
2029-06-01,NA,3.29463046509773,8.84898451622576
2029-07-01,NA,3.95497219869867,5.67238974035718
2029-08-01,NA,0.99580003588926,11.3450570264831
2029-09-01,NA,4.15696516865864,3.61603145138361
2029-10-01,NA,1.00719831098104,1.66542690130882
2029-11-01,NA,9.73818143829703,1.27841675130185
2029-12-01,NA,2.3660908016609,5.53171175415628
2030-01-01,NA,3.36916124797426,4.15085169661324
2030-02-01,NA,4.05275883385912,4.44180115009658
2030-03-01,NA,2.84940139681567,2.54286215349566
2030-04-01,NA,6.14015478640795,1.66290431516245
2030-05-01,NA,7.42612491594627,9.02891652658582
2030-06-01,NA,2.65737430017907,7.39004490897059
2030-07-01,NA,4.9184295872692,3.7058055633679
2030-08-01,NA,1.74098099669209,5.37749688955955
2030-09-01,NA,3.26951052993536,2.07400075451005
2030-10-01,NA,3.92324947169982,1.6817222640384
2030-11-01,NA,2.1151023596758,5.56212187511846
2030-12-01,NA,0.568391790875467,4.69677377259359
2031-01-01,NA,5.06350115756504,3.28046015056316
2031-02-01,NA,2.20988683286123,2.42989191028755
2031-03-01,NA,1.92355853214394,0.11862306500916
2031-04-01,NA,8.26968771871179,1.21772141283145
2031-05-01,NA,4.06270207604393,12.9928327398375
2031-06-01,NA,1.89485831942875,6.53523285873234
2031-07-01,NA,4.0583003195934,8.04234818788245
2031-08-01,NA,3.487428749213,4.77737315814011
2031-09-01,NA,5.40378107107244,6.66999814566225
2031-10-01,NA,3.65904334466904,3.87430539121851
2031-11-01,NA,0.448190604220144,3.49292560131289
2031-12-01,NA,2.19919825613033,1.77283459925093
2032-01-01,NA,3.03846106398851,3.47146853164304
2032-02-01,NA,2.08981104078703,2.7577030879911
2032-03-01,NA,3.14687380450778,1.32797925907653
2032-04-01,NA,0.88919806148624,4.01712594903074
2032-05-01,NA,1.84887436043937,4.40900485846214
2032-06-01,NA,0.26309253553336,5.4479562677443
2032-07-01,NA,1.66300929849967,4.08992042066529
2032-08-01,NA,2.24572897714097,4.08238613745198
2032-09-01,NA,2.05563299241476,2.78501290013082
2032-10-01,NA,3.85617077699862,3.6703905032482
2032-11-01,NA,4.97324550524354,1.6849046893185
2032-12-01,NA,1.77018086251337,4.40603405004367
2033-01-01,NA,0.957932443998288,0.120990648974839
2033-02-01,NA,1.05073197773891,0.898743608559016
2033-03-01,NA,5.26378327631392,0.174819265112092
2033-04-01,NA,6.70549477217719,5.47685198835097
2033-05-01,NA,4.52811002614908,8.94116082927212
2033-06-01,NA,2.79537780443206,8.37162559619173
2033-07-01,NA,2.72458273102529,4.98343800427392
2033-08-01,NA,0.301566173402534,6.71380794374272
2033-09-01,NA,5.95845786156133,3.39871971518733
2033-10-01,NA,2.4948666949058,3.40479397564195
2033-11-01,NA,1.47956753644394,2.55941785289906
2033-12-01,NA,2.84691220731474,2.0269162778277
2034-01-01,NA,1.25478701374959,1.68532116513234
2034-02-01,NA,1.39324777701404,0.0100353638231354
2034-03-01,NA,4.51115270261653,1.44672861497384
2034-04-01,NA,3.81018257467076,4.22452210332267
2034-05-01,NA,3.62067303503864,6.29175355425104
2034-06-01,NA,4.04845561715774,5.96280932659283
2034-07-01,NA,4.73669997300021,8.37596511701122
2034-08-01,NA,2.60331106401281,4.66780308634043
2034-09-01,NA,2.18773267697543,1.49499930121237
2034-10-01,NA,6.24753953889012,5.96797032631002
2034-11-01,NA,1.00553177908296,2.11516050912905
2034-12-01,NA,1.82463051751256,1.71524687757483
2035-01-01,NA,2.38614183326717,0.124029328708275
2035-02-01,NA,7.15341875329614,0.276330936321756
2035-03-01,NA,2.98553296015598,3.77783293370157
2035-04-01,NA,7.97916864976287,6.16760855773464
2035-05-01,NA,7.23985021468252,7.84669602289796
2035-06-01,NA,2.44461731635965,8.71672751381993
2035-07-01,NA,3.04366190393921,6.34986403165385
2035-08-01,NA,5.78359994105995,5.68339098826982
2035-09-01,NA,1.78873973200098,7.39874501014128
2035-10-01,NA,5.19091179594398,1.20626872085268
2035-11-01,NA,3.73078012489714,4.82653804938309
2035-12-01,NA,1.40337438642746,3.54182504815981
2036-01-01,NA,1.91000640916172,1.88977802172303
2036-02-01,NA,1.32420559530146,1.20804220059654
2036-03-01,NA,4.70203614095226,2.64310025959276
2036-04-01,NA,7.34903634293005,7.5846670428291
2036-05-01,NA,3.91331047285348,8.9709104038775
2036-06-01,NA,6.81424493668601,6.98928044876084
2036-07-01,NA,2.4922355893068,8.2391683710739
2036-08-01,NA,3.52869820198976,5.41966561577283
2036-09-01,NA,2.7305767609505,7.14987257961184
2036-10-01,NA,5.31619432149455,0.695846198505023
2036-11-01,NA,4.07674768357538,3.26599107356742
2036-12-01,NA,1.98379735811614,2.17273907619528
2037-01-01,NA,6.69769300147891,0.589263849542476
2037-02-01,NA,3.45462601399049,3.43196234316565
2037-03-01,NA,0.37218814904918,0.776986550772563
2037-04-01,NA,7.289546309039,3.21139525913168
2037-05-01,NA,6.20531690656208,10.1209786604159
2037-06-01,NA,5.43224459979683,10.5068999226205
2037-07-01,NA,1.42498645582236,6.82136494433507
2037-08-01,NA,1.60734164819587,8.90503461705521
2037-09-01,NA,5.93236164422706,0.868403758067871
2037-10-01,NA,3.05627145571634,4.87909352523275
2037-11-01,NA,4.1391629492864,2.09553310414776
2037-12-01,NA,0.926678763062228,3.83004752802663
2038-01-01,NA,3.36504222359508,0.937886284373235
2038-02-01,NA,2.39692816394381,1.75241396500496
2038-03-01,NA,7.09851215360686,3.41440246556886
2038-04-01,NA,7.90701115038246,9.93235943606123
2038-05-01,NA,5.47288148081861,9.42067662253976
2038-06-01,NA,3.28925776993856,7.7694873791188
2038-07-01,NA,4.18913988978602,7.7357669826597
2038-08-01,NA,3.64736709161662,8.8707588147372
2038-09-01,NA,5.29622532776557,7.91516716126353
2038-10-01,NA,1.04931517416844,0.797170147416182
2038-11-01,NA,3.26445262762718,1.02884849184193
2038-12-01,NA,1.54738814744633,2.16794614680111
2039-01-01,NA,5.16893255989999,1.51057640032377
2039-02-01,NA,3.49605451337993,4.69557872274891
2039-03-01,NA,6.03465407621115,3.88699328759685
2039-04-01,NA,5.05291968584061,4.02377447462641
2039-05-01,NA,4.98778475448489,5.3341876482591
2039-06-01,NA,5.80908668925986,5.78894371865317
2039-07-01,NA,0.958015582000371,9.0286506107077
2039-08-01,NA,1.72421159804799,4.80976806138642
2039-09-01,NA,3.66434783209115,9.16109840618446
2039-10-01,NA,4.29876166745089,1.32334958034335
2039-11-01,NA,0.201847218158946,1.939681568183
2039-12-01,NA,0.340102115660557,1.7607025016332
2040-01-01,NA,3.1168743444141,0.0785434168392385
2040-02-01,NA,1.05658864922589,5.04966237349436
2040-03-01,NA,5.09618743672036,1.07649847195717
2040-04-01,NA,5.84529996849597,3.27995275729336
2040-05-01,NA,8.70149770053104,6.551511248108
2040-06-01,NA,0.00402489234261338,7.91800925508142
2040-07-01,NA,3.68875590793323,8.52863634936512
2040-08-01,NA,1.41913002007641,6.12853243947029
2040-09-01,NA,9.21311293495819,3.83507997030392
2040-10-01,NA,4.89002263639122,8.8252626825124
2040-11-01,NA,3.94660307792947,2.75119852158241
2040-12-01,NA,3.64551542443223,3.54338471079245
2041-01-01,NA,0.369528047303902,2.18425636121538
2041-02-01,NA,4.49355149175972,0.590488897432806
2041-03-01,NA,4.06849580467679,3.06995135033503
2041-04-01,NA,9.7332060453482,7.10680678021163
2041-05-01,NA,6.38807890936732,10.8528511365876
2041-06-01,NA,2.86535257764626,8.36508896900341
2041-07-01,NA,1.25136621500133,6.86199663905427
2041-08-01,NA,0.248251341326977,5.33687713905238
2041-09-01,NA,1.75602862145752,1.95022139232606
2041-10-01,NA,4.35154958395287,0.802605353237595
2041-11-01,NA,4.53223439399153,1.39789069653489
2041-12-01,NA,3.06288792053238,5.34882779465988
2042-01-01,NA,0.542407275497681,3.22805295581929
2042-02-01,NA,0.505732493911637,0.0317502393272662
2042-03-01,NA,5.12771025532857,0.962853066448588
2042-04-01,NA,8.52831919910386,3.07591984164901
2042-05-01,NA,8.54746891418472,7.90559764718637
2042-06-01,NA,0.577639518451178,11.2828063080087
2042-07-01,NA,2.31208811164834,6.87027554959059
2042-08-01,NA,7.0231479476206,3.69526039576158
2042-09-01,NA,8.16454784944654,7.66619603382424
2042-10-01,NA,2.91899953444954,3.51425356348045
2042-11-01,NA,7.13146812049672,4.21951024909504
2042-12-01,NA,0.248261488013668,4.6550219936762
2043-01-01,NA,4.04789816820994,0.356198699591914
2043-02-01,NA,4.95911503094248,1.71486281615216
2043-03-01,NA,5.62498190556653,4.31705831433646
2043-04-01,NA,5.51500038709491,5.04324786015786
2043-05-01,NA,3.85197002906352,5.68554990459234
2043-06-01,NA,3.24663500650786,8.58450225787237
2043-07-01,NA,4.47595735313371,5.16818463220261
2043-08-01,NA,4.74171984242275,2.7315070736222
2043-09-01,NA,2.24286975280847,2.17406621959526
2043-10-01,NA,2.73802059818991,0.852579013007926
2043-11-01,NA,1.81090449623298,4.13769946899265
2043-12-01,NA,3.9620692608878,1.6828174382681
2044-01-01,NA,1.04331214679405,3.26485857367516
2044-02-01,NA,3.16158451605588,1.94056736509083
2044-03-01,NA,2.24049529060721,6.26951736048795
2044-04-01,NA,9.46157926227897,3.43122274498455
2044-05-01,NA,1.98537910182495,1.94257128168829
2044-06-01,NA,2.50534609076567,4.76259502465837
2044-07-01,NA,1.36870014248416,4.91972852032632
2044-08-01,NA,0.473296051131911,2.54965896019712
2044-09-01,NA,2.47177845449187,4.35431498335674
2044-10-01,NA,7.36579721560702,3.7074183463119
2044-11-01,NA,2.59779334883206,7.04375171335414
2044-12-01,NA,0.131519201750052,2.60467957996298
2045-01-01,NA,1.37996636331081,0.14095107499088
2045-02-01,NA,1.45001036580652,0.625998411123874
2045-03-01,NA,1.63169416773599,0.29214369787951
2045-04-01,NA,6.70438333181664,5.05088068312034
2045-05-01,NA,3.06196727324277,9.19689426664263
2045-06-01,NA,5.13312381226569,8.24306344147772
2045-07-01,NA,6.53426254866645,6.76745505770668
2045-08-01,NA,2.15317775728181,7.66330899205059
2045-09-01,NA,1.18276510474971,2.42208518902771
2045-10-01,NA,3.67931675864384,1.94400788750499
2045-11-01,NA,2.70085068186745,2.79482459882274
2045-12-01,NA,6.41523187514395,2.91659214708488
2046-01-01,NA,3.67441837443039,1.81432525569107
2046-02-01,NA,1.34403279080288,0.741437904071063
2046-03-01,NA,3.53451110422611,3.08938694070093
2046-04-01,NA,7.94156638439745,7.18674624804407
2046-05-01,NA,4.25674114376307,11.3076908164658
2046-06-01,NA,2.86744595796335,5.17257491592318
2046-07-01,NA,1.74756528285798,5.7508330384735
2046-08-01,NA,3.87071678414941,3.76462483545765
2046-09-01,NA,3.94834481121507,5.89355552801862
2046-10-01,NA,4.54790567164309,6.25861653825268
2046-11-01,NA,1.74588413501624,2.17745256086346
2046-12-01,NA,2.5244151824154,0.689378977403976
2047-01-01,NA,0.20412669146026,1.70654830872081
2047-02-01,NA,8.75763423973694,0.0184109287943102
2047-03-01,NA,6.47821873426437,4.72497987211682
2047-04-01,NA,6.68094941647723,1.73697595309932
2047-05-01,NA,7.93521740706638,8.85057435370982
2047-06-01,NA,0.788509297126438,8.3059516036883
2047-07-01,NA,0.828463039943017,7.0705906720832
2047-08-01,NA,3.02810637513176,7.16613619588315
2047-09-01,NA,2.37197591923177,4.17161191580817
2047-10-01,NA,4.77244679932483,3.43546514050104
2047-11-01,NA,3.55661009671167,4.48348519275896
2047-12-01,NA,3.12308580614626,3.02262720360886
2048-01-01,NA,6.70931283384562,4.63173282332718
2048-02-01,NA,6.48259408771992,4.57397092832252
2048-03-01,NA,7.57609424181283,10.6181828887202
2048-04-01,NA,7.95388715341687,7.18972161412239
2048-05-01,NA,6.73951691715047,7.63159428024665
2048-06-01,NA,4.33447234681807,7.28902673581615
2048-07-01,NA,1.81444556219503,6.30191430682316
2048-08-01,NA,3.81942880921997,2.57568335509859
2048-09-01,NA,4.31419940432534,3.34092450211756
2048-10-01,NA,3.2527900475543,3.00587568199262
2048-11-01,NA,1.33960506354924,2.01332447177265
2048-12-01,NA,5.37775919074193,1.01315619394882
2049-01-01,NA,2.39171514404006,4.03977170353755
2049-02-01,NA,6.83894808171317,4.62051563663408
2049-03-01,NA,4.99421309796162,2.97266189299989
2049-04-01,NA,12.5114772235975,2.3668501235079
2049-05-01,NA,5.02087430795655,8.97489096969366
2049-06-01,NA,4.98281014733948,3.59355653054081
2049-07-01,NA,5.55882464395836,8.06806470500305
2049-08-01,NA,1.98267703817692,6.35478316107765
2049-09-01,NA,6.28550264518708,4.813390300842
2049-10-01,NA,5.15851846430451,6.97049283189699
2049-11-01,NA,1.15268851805013,3.12876677198801
2049-12-01,NA,5.67522350465879,0.31168199275271
2050-01-01,NA,2.16813803999685,4.48677645181306
2050-02-01,NA,4.2966450273525,4.19102762534749
2050-03-01,NA,4.02118808124214,3.0851703195367
2050-04-01,NA,6.05409925337881,4.1724371665623
2050-05-01,NA,1.10066675988492,4.53574599232525
2050-06-01,NA,3.00056514388416,4.08415183774196
2050-07-01,NA,0.253198445352609,7.63750383630395
2050-08-01,NA,3.26024669338949,3.10732078214642
2050-09-01,NA,8.50580970291048,4.25278336624615
2050-10-01,NA,3.51643055328168,4.91193680791184
2050-11-01,NA,1.75186001288239,2.77711054659449
2050-12-01,NA,6.86641568318009,1.03861818934092
2051-01-01,NA,0.69516871808446,5.99936317303218
2051-02-01,NA,5.12641273671761,1.80898564285599
2051-03-01,NA,2.97190217825118,2.23801018728409
2051-04-01,NA,5.38390228757635,3.04351723752916
2051-05-01,NA,5.72776876506396,7.16452718479559
2051-06-01,NA,0.833705684635788,7.68779745558277
2051-07-01,NA,6.26863396028057,5.65604157163762
2051-08-01,NA,1.8249984306749,5.62589328037575
2051-09-01,NA,4.45865710498765,3.86249728035182
2051-10-01,NA,5.41970804915763,2.43180369143374
2051-11-01,NA,4.88190182950348,5.10992013732903
2051-12-01,NA,3.98526287754066,3.0091944441665
2052-01-01,NA,8.83780033327639,2.7942114364123
2052-02-01,NA,3.73831346514635,8.46937891328707
2052-03-01,NA,4.54103712108918,6.54874081956223
2052-04-01,NA,2.28541118558496,6.41751416260377
2052-05-01,NA,6.15187504445203,5.8979426685255
2052-06-01,NA,2.3028019189951,6.55746355187148
2052-07-01,NA,1.61449984589126,4.08839093288407
2052-08-01,NA,4.42691724747419,5.43406342039816
2052-09-01,NA,3.59406761708669,5.51155479624867
2052-10-01,NA,2.65068271255586,4.45689957705326
2052-11-01,NA,5.06754207308404,1.71578047738876
2052-12-01,NA,3.38128603762016,5.4986072704196
2053-01-01,NA,0.974570574180689,2.75936726247892
2053-02-01,NA,1.01230611180654,0.642599726415938
2053-03-01,NA,2.22254887630697,1.11695025698282
2053-04-01,NA,4.6684650471434,7.00251274975017
2053-05-01,NA,5.64603813691065,5.34669166663662
2053-06-01,NA,1.09709214011673,10.124384961091
2053-07-01,NA,0.930732526467182,6.96712739299983
2053-08-01,NA,1.61214109975845,4.76184945437126
2053-09-01,NA,2.23873980576172,3.39244751085062
2053-10-01,NA,3.40583437937312,4.10695318132639
2053-11-01,NA,0.871526874834672,3.21091529040132
2053-12-01,NA,2.94812038773671,0.224314757360844
2054-01-01,NA,1.32856122509111,1.79176364108571
2054-02-01,NA,2.2998028609436,0.618160473823082
2054-03-01,NA,3.94246110809036,0.843354761309456
2054-04-01,NA,6.36272197589278,3.61247537657619
2054-05-01,NA,4.30922762607224,6.50199966039509
2054-06-01,NA,4.71019278047606,5.74631026829593
2054-07-01,NA,5.26843381812796,5.7392859715037
2054-08-01,NA,2.74618855328299,5.63391098985448
2054-09-01,NA,6.41072922153398,4.45203859708272
2054-10-01,NA,3.08158941334113,5.23469849140383
2054-11-01,NA,7.40318479947746,0.688114187505562
2054-12-01,NA,1.04848080809461,3.15589608508162
2055-01-01,NA,0.354045833955752,0.321875547706441
2055-02-01,NA,2.35102451406419,0.260361770415329
2055-03-01,NA,3.89076090068556,3.62971621798351
2055-04-01,NA,5.66214333521202,2.61779542488512
2055-05-01,NA,4.44388400064781,5.40018617757596
2055-06-01,NA,4.84081043978222,7.77370054274797
2055-07-01,NA,3.47954274038784,4.05718353576958
2055-08-01,NA,5.80004900693893,2.11038518173154
2055-09-01,NA,1.65634493896505,1.89997476409189
2055-10-01,NA,2.21403422474395,6.68363812146708
2055-11-01,NA,1.91681618161965,0.131444702674344
2055-12-01,NA,3.07533583254553,0.38614365439571
2056-01-01,NA,1.86051038035657,4.85712796216831
2056-02-01,NA,1.63422869809438,1.53289109584875
2056-03-01,NA,4.74375837366097,3.00297575304285
2056-04-01,NA,6.90153638133779,5.18442986067384
2056-05-01,NA,1.95084076258354,10.8034693636
2056-06-01,NA,4.44880815921351,6.96654338389635
2056-07-01,NA,5.72966459440067,5.21782226278447
2056-08-01,NA,2.80909243156202,5.24550344562158
2056-09-01,NA,4.57346785697155,2.1264298731694
2056-10-01,NA,4.72136439057067,4.75987960235216
2056-11-01,NA,2.71229370846413,6.65267023723572
2056-12-01,NA,3.70779128861614,1.28460196719971
2057-01-01,NA,3.40124481590465,1.10911151423352
2057-02-01,NA,3.27782417298295,1.76387176470598
2057-03-01,NA,5.31717736157589,1.17291167989606
2057-04-01,NA,4.85573803307489,5.30424838070758
2057-05-01,NA,1.03901623806451,4.66185424011201
2057-06-01,NA,3.4130331245251,3.82684286450967
2057-07-01,NA,0.82696150711854,5.55356856202707
2057-08-01,NA,3.02633155952208,4.68630435643718
2057-09-01,NA,4.8963057633955,6.01509637199342
2057-10-01,NA,0.716547973570414,4.17633742326871
2057-11-01,NA,2.09705614834093,4.06347562093288
2057-12-01,NA,4.00349304545671,3.28443293692544
2058-01-01,NA,1.55826500267722,4.05715116066858
2058-02-01,NA,3.25164733221754,1.98087000462692
2058-03-01,NA,2.20498459821101,1.37170422967756
2058-04-01,NA,2.09069711272605,2.22074600751512
2058-05-01,NA,7.47891487553716,5.47977344831452
2058-06-01,NA,0.81167000826099,9.3362370156683
2058-07-01,NA,0.711852365930099,12.4863755190745
2058-08-01,NA,5.86617027875036,5.48338751541451
2058-09-01,NA,1.33433079026872,6.53007327346131
2058-10-01,NA,5.00279092811979,1.16181507473812
2058-11-01,NA,1.19100295705721,0.507122226554202
2058-12-01,NA,1.96974177088123,0.131394376876415
2059-01-01,NA,2.7556411398109,1.87165488023311
2059-02-01,NA,6.51364778168499,1.44522332993802
2059-03-01,NA,7.15176730882376,4.69825265463442
2059-04-01,NA,9.06534668756649,5.23820066009648
2059-05-01,NA,5.66016059601679,12.3562194406986
2059-06-01,NA,7.59662555647083,10.8525679330342
2059-07-01,NA,1.63214235071791,4.60628379369155
2059-08-01,NA,2.72670015692711,3.82929268525913
2059-09-01,NA,3.62342051812448,5.96652429085225
2059-10-01,NA,1.74070977664087,2.73019399610348
2059-11-01,NA,0.537322675518226,2.44048116146587
2059-12-01,NA,3.97688841330819,0.136241305699514
2060-01-01,NA,0.927579961717129,1.12286751391366
2060-02-01,NA,4.11117388866842,0.356822293542791
2060-03-01,NA,6.29114219918847,3.8422474404797
2060-04-01,NA,4.89784798119217,6.1332167708315
2060-05-01,NA,5.25772316032089,4.3585344334133
2060-06-01,NA,7.23064798512496,9.09572679083794
2060-07-01,NA,1.42002053180477,7.53599532181397
2060-08-01,NA,1.33821670606267,2.03360982995946
2060-09-01,NA,9.22805797308683,3.09629635303281
2060-10-01,NA,2.11627391399816,7.72424490423873
2060-11-01,NA,1.63640914543066,1.90556159068365
2060-12-01,NA,3.37108033709228,3.3949805481825
2061-01-01,NA,0.561699947866146,2.4815505486913
2061-02-01,NA,1.18014806503197,0.346736211940879
2061-03-01,NA,9.20105619588867,3.13614145852625
2061-04-01,NA,6.11585381557234,2.65960991091561
2061-05-01,NA,3.94220132147893,8.66599667351693
2061-06-01,NA,2.00827246299013,5.49142597010359
2061-07-01,NA,2.62518252711743,4.77442042320035
2061-08-01,NA,3.45793990418315,5.36822849535383
2061-09-01,NA,5.92370994854718,8.12589512206614
2061-10-01,NA,4.74760283832438,5.27934627025388
2061-11-01,NA,0.818894881376764,1.37462011043681
2061-12-01,NA,3.90119731309824,1.60285384627059
2062-01-01,NA,2.40368615195621,1.24060589441797
2062-02-01,NA,2.99213088001125,0.916731827601325
2062-03-01,NA,1.95004435081501,2.62691215903033
2062-04-01,NA,8.45396522199735,4.52386511606164
2062-05-01,NA,3.62763493903913,7.82409977400675
2062-06-01,NA,2.55733248777688,6.08296621358022
2062-07-01,NA,2.78273501317017,6.45354859298095
2062-08-01,NA,0.966093012539204,5.35775342141278
2062-09-01,NA,2.39462796016596,0.905032786249649
2062-10-01,NA,6.85389343416318,0.447636288663489
2062-11-01,NA,0.878421789093409,3.16060964833014
2062-12-01,NA,4.92410088772886,3.93490560818464
2063-01-01,NA,0.652820985851577,3.28924079658464
2063-02-01,NA,4.69549417030066,0.0558798049496545
2063-03-01,NA,5.68560773972422,0.885867472970858
2063-04-01,NA,6.02816994069144,6.25371123896912
2063-05-01,NA,1.40403198602144,8.78527408931404
2063-06-01,NA,2.08826882299036,4.06212231027894
2063-07-01,NA,1.60500380443409,4.80450585018843
2063-08-01,NA,3.84115108754486,4.12171701318584
2063-09-01,NA,8.57415511272848,4.51797143323347
2063-10-01,NA,3.25740412808955,7.28300088085234
2063-11-01,NA,0.740099641552661,1.74069366767071
2063-12-01,NA,0.122233890670032,0.12238661279298
2064-01-01,NA,1.14622728870017,0.000144630788945221
2064-02-01,NA,3.28294666833244,3.1097799539566
2064-03-01,NA,5.6021805619821,3.19689852185547
2064-04-01,NA,5.22391899721697,3.11298603191972
2064-05-01,NA,5.86102295201272,11.0495534492657
2064-06-01,NA,2.84379602526315,5.17799900262617
2064-07-01,NA,2.77489041618537,6.53440430760384
2064-08-01,NA,0.450051838561194,4.75669568404555
2064-09-01,NA,3.02312123822048,1.08108131680638
2064-10-01,NA,2.80794688733295,1.83859212265816
2064-11-01,NA,1.88474652240984,0.444189666450256
2064-12-01,NA,2.94836115790531,0.916000008874107
2065-01-01,NA,3.19642468239181,3.7489150534384
2065-02-01,NA,6.99730758788064,5.3147753176745
2065-03-01,NA,5.90208510984667,6.20818681782112
2065-04-01,NA,4.50529076624662,5.37556318449788
2065-05-01,NA,5.22359823225997,6.30862113903277
2065-06-01,NA,5.68454281892627,4.2459292744752
2065-07-01,NA,1.02835221769055,10.332041059155
2065-08-01,NA,2.64268221217208,2.83354066195898
2065-09-01,NA,6.09360819216818,6.37024337192997
2065-10-01,NA,3.47420870675705,8.63742266083136
2065-11-01,NA,0.327497936814325,1.51355640264228
2065-12-01,NA,0.978341566224117,0.361120952584315
2066-01-01,NA,6.45782682113349,0.610033223347273
2066-02-01,NA,5.34453856525943,2.88951949041802
2066-03-01,NA,4.59423082647845,2.84915276861284
2066-04-01,NA,7.14012673124671,5.39211346185766
2066-05-01,NA,4.27551728789695,11.1439265543595
2066-06-01,NA,3.627719177166,5.76467559440061
2066-07-01,NA,2.28119362145662,6.51865680702031
2066-08-01,NA,3.30398796941154,2.96743889339268
2066-09-01,NA,2.10717277805088,2.62778345786501
2066-10-01,NA,3.70447095483541,1.76766039803624
2066-11-01,NA,0.343604127192521,10.6893326737918
2066-12-01,NA,0.207505292564747,0.154851512706955
2067-01-01,NA,0.748996665060986,0.308825381216593
2067-02-01,NA,0.947680027456954,0.231885943867383
2067-03-01,NA,7.16653632698581,2.54786591394804
2067-04-01,NA,6.18033825885504,8.99057906353846
2067-05-01,NA,2.62401411600877,5.05366965662688
2067-06-01,NA,1.64990060438868,8.37447491940111
2067-07-01,NA,2.49025379307568,5.57399913668633
2067-08-01,NA,0.942153196956497,5.54563383338973
2067-09-01,NA,2.7595171937719,1.369918648561
2067-10-01,NA,1.41352433420252,4.86885686405003
2067-11-01,NA,1.87024184851907,2.42021230515093
2067-12-01,NA,2.61062944773585,1.5017169775092
2068-01-01,NA,1.63870652031619,0.52794426883338
2068-02-01,NA,4.09131317865103,0.365168193820864
2068-03-01,NA,2.50014941557311,2.09190732857678
2068-04-01,NA,4.74863774143159,5.84933365462348
2068-05-01,NA,1.13395288208267,7.65413552289829
2068-06-01,NA,1.47378198016668,5.25829145335592
2068-07-01,NA,1.49548088083975,6.15211345721036
2068-08-01,NA,3.7058440677356,2.43318623397499
2068-09-01,NA,2.92168855376076,1.88420188205782
2068-10-01,NA,3.27886819140986,4.88124364055693
2068-11-01,NA,4.5993346197065,1.18374665180454
2068-12-01,NA,2.83691835938953,2.35555302060675
2069-01-01,NA,3.81433083093725,6.22718770173378
2069-02-01,NA,0.38756938665756,2.34605501464102
2069-03-01,NA,4.66139894560911,0.713917516259244
2069-04-01,NA,2.86506324482616,4.40505588194355
2069-05-01,NA,5.20085519528948,9.11553218029439
2069-06-01,NA,6.6150862025097,9.10028162179515
2069-07-01,NA,0.421742769322009,5.3776612796355
2069-08-01,NA,0.285613553569419,7.94239352107979
2069-09-01,NA,2.55591222667135,1.74179654277395
2069-10-01,NA,2.14189314865507,3.58526158961467
2069-11-01,NA,4.15120648685843,8.4037275519222
2069-12-01,NA,0.572954519157065,0.947248405282153
2070-01-01,NA,1.84344681620132,0.188533031541738
2070-02-01,NA,3.05571078497451,0.486576747789513
2070-03-01,NA,3.25392710510641,8.9021158288233
2070-04-01,NA,6.5073698409833,2.3717004165519
2070-05-01,NA,4.43354235612787,9.24766816897318
2070-06-01,NA,5.02898709964938,7.86305456422269
2070-07-01,NA,1.73594733641949,5.50551448250189
2070-08-01,NA,1.93083342164755,5.91514060506597
2070-09-01,NA,1.63379815639928,4.27513790200464
2070-10-01,NA,5.56275146082044,12.9027312621474
2070-11-01,NA,1.85210872732569,9.24917156808078
2070-12-01,NA,1.22580234019551,1.30433635931695
2071-01-01,NA,1.77188762754668,0.705652612668928
2071-02-01,NA,5.45105437631719,4.12699824082665
2071-03-01,NA,4.55125555163249,1.81328280887101
2071-04-01,NA,7.48570610303432,5.17794525367208
2071-05-01,NA,7.93380390387028,6.4060194301419
2071-06-01,NA,3.06964881601743,8.81648997310549
2071-07-01,NA,5.45282054808922,5.49491980927996
2071-08-01,NA,1.02408251550514,8.69048010790721
2071-09-01,NA,2.29798466898501,2.3071410076227
2071-10-01,NA,5.49577177735046,1.5164685115451
2071-11-01,NA,2.05058782012202,4.04326805728488
2071-12-01,NA,2.15349899372086,2.02387003228068
2072-01-01,NA,0.68979187781224,2.60778051742818
2072-02-01,NA,1.75210777670145,2.17316726048011
2072-03-01,NA,1.62475183024071,1.11210487521021
2072-04-01,NA,7.96982733299956,3.96149703883566
2072-05-01,NA,3.57709693489596,10.8714916510507
2072-06-01,NA,3.4555617487058,7.4726972845383
2072-07-01,NA,1.56785479048267,5.67436776473187
2072-08-01,NA,2.20196412701625,7.43486179271713
2072-09-01,NA,2.4397574365139,2.40233826334588
2072-10-01,NA,6.40908343484625,0.0195544400639847
2072-11-01,NA,2.12190191668924,6.30802471423522
2072-12-01,NA,3.75833243597299,1.14647493464872
2073-01-01,NA,1.06784430099651,3.26230989885516
2073-02-01,NA,1.6164131986443,0.0979938809905434
2073-03-01,NA,4.20426110504195,1.06575995741878
2073-04-01,NA,3.58432286884636,3.93626520526595
2073-05-01,NA,4.88024912774563,1.71889972407371
2073-06-01,NA,6.46920996950939,9.2001676093787
2073-07-01,NA,5.24486238718964,3.76889913459308
2073-08-01,NA,0.842259704950266,6.36928312014788
2073-09-01,NA,2.78206503717229,6.23238547705114
2073-10-01,NA,0.421147768793162,2.905818389263
2073-11-01,NA,2.30765563028399,0.780657372524729
2073-12-01,NA,1.87430209480226,3.25233491021208
2074-01-01,NA,3.14981710980646,4.40412250463851
2074-02-01,NA,2.84615044947714,4.44212505826727
2074-03-01,NA,6.31073353579268,2.89850224507973
2074-04-01,NA,7.30249886400998,9.21370008727536
2074-05-01,NA,4.60402492317371,8.76551427645609
2074-06-01,NA,7.20897191204131,6.63703557802364
2074-07-01,NA,5.2819917560555,7.75873224483803
2074-08-01,NA,1.45313232351327,6.13411541562527
2074-09-01,NA,3.93996351049282,0.907209736760706
2074-10-01,NA,1.34821900137467,3.19824554608203
2074-11-01,NA,2.86969359149225,0.100625649611175
2074-12-01,NA,0.816306425258517,4.38267384306528
2075-01-01,NA,6.31913754623383,0.763893160183216
2075-02-01,NA,3.52946011698805,4.41714295302518
2075-03-01,NA,2.92923768865876,1.65258993802126
2075-04-01,NA,5.68495615152642,0.93867888499517
2075-05-01,NA,7.42702293209732,7.09056202322245
2075-06-01,NA,6.67542396113276,8.15321153495461
2075-07-01,NA,3.5226798907388,7.46065123239532
2075-08-01,NA,2.62537960661575,4.95673577534035
2075-09-01,NA,5.08769918815233,4.44327578879893
2075-10-01,NA,3.17963049164973,7.04037275863811
2075-11-01,NA,3.39018966187723,3.65138459019363
2075-12-01,NA,3.14109532046132,1.85634845111053
2076-01-01,NA,3.97862173849717,3.7808365887031
2076-02-01,NA,2.35185424389783,3.98329098243266
2076-03-01,NA,2.66818813397549,0.763730282778852
2076-04-01,NA,7.46974172070622,3.95531480899081
2076-05-01,NA,4.17842561728321,7.99619386671111
2076-06-01,NA,4.80523649021052,4.36560194939375
2076-07-01,NA,4.17271251208149,7.83496712101623
2076-08-01,NA,0.836772636102978,5.27605563984253
2076-09-01,NA,8.51477854885161,1.54212240013294
2076-10-01,NA,7.48807231429964,8.1093090120703
2076-11-01,NA,5.37738876300864,4.94133842876181
2076-12-01,NA,5.19757525180466,6.53194977203384
2077-01-01,NA,2.8938353585545,3.94997951807454
2077-02-01,NA,2.83053645689506,4.04263878590427
2077-03-01,NA,5.33063487382606,3.93575569032691
2077-04-01,NA,6.55187303200364,5.34876807359979
2077-05-01,NA,6.20593973435462,6.86987950466573
2077-06-01,NA,0.53868844115641,5.76061990577728
2077-07-01,NA,4.74715681630187,4.33186222217046
2077-08-01,NA,1.737441070145,5.93538164393976
2077-09-01,NA,1.87972303829156,2.98868552490603
2077-10-01,NA,1.87549785187002,2.29301477666013
2077-11-01,NA,1.0186414947384,0.955660411273129
2077-12-01,NA,3.96502089570276,0.114820304406749
2078-01-01,NA,0.219459533400368,1.48420208715834
2078-02-01,NA,0.49384429003112,0.482349596859422
2078-03-01,NA,7.30869791004807,0.22608595827478
2078-04-01,NA,8.39591477997601,5.97819912945852
2078-05-01,NA,2.76304537255783,8.31084558740258
2078-06-01,NA,6.27471513580531,7.02256865333766
2078-07-01,NA,0.569543876918033,8.62178831594065
2078-08-01,NA,1.31678356410703,5.40691548376344
2078-09-01,NA,4.11812636302784,2.98324635077734
2078-10-01,NA,3.39962778962217,2.7697175508365
2078-11-01,NA,7.70390768302605,5.04458388313651
2078-12-01,NA,0.53434787914739,3.95708679570816
2079-01-01,NA,3.15131618699525,0.748209486482665
2079-02-01,NA,2.62375291495118,1.45940079528373
2079-03-01,NA,3.12837929232046,1.60467266687192
2079-04-01,NA,3.80702285910957,3.96710626082495
2079-05-01,NA,0.621281017083675,8.54232158744708
2079-06-01,NA,3.5015172616113,5.21741034463048
2079-07-01,NA,3.03048327332363,8.04744679480791
2079-08-01,NA,1.52390280127292,2.5921382359229
2079-09-01,NA,1.06696310103871,3.63815841847099
2079-10-01,NA,2.65257414139342,0.732370832702145
2079-11-01,NA,2.32257002207916,0.531547963328194
2079-12-01,NA,2.46333004615735,4.46731697302312
2080-01-01,NA,0.893373427970801,2.14019439881667
2080-02-01,NA,1.00896353978897,4.70375579316169
2080-03-01,NA,2.35093265364412,2.44455515930895
2080-04-01,NA,4.47752801701427,2.72743834066205
2080-05-01,NA,3.72733531985432,8.85715152835473
2080-06-01,NA,3.89038025750779,4.05807856586762
2080-07-01,NA,2.39024985639844,8.44733744161204
2080-08-01,NA,1.63403079350246,4.48663280694745
2080-09-01,NA,1.38269926974317,2.09755340474658
2080-10-01,NA,2.80740806192625,1.73657330742572
2080-11-01,NA,0.84549147868529,1.82684860483278
2080-12-01,NA,2.90034746867605,0.23160237196862
2081-01-01,NA,5.07248210487887,1.81544722581748
2081-02-01,NA,3.80387665936723,3.30445819417946
2081-03-01,NA,6.87194019556046,3.05831627338193
2081-04-01,NA,2.09251326159574,4.52550854533911
2081-05-01,NA,3.31113217980601,9.54859976191074
2081-06-01,NA,0.729501785826869,8.81403166567907
2081-07-01,NA,2.28106765716802,6.83948824298568
2081-08-01,NA,3.86726066353731,7.22556808032095
2081-09-01,NA,0.850048038410023,3.11008539574686
2081-10-01,NA,5.89826123323292,0.878306590311695
2081-11-01,NA,1.22429171169642,8.34253892535344
2081-12-01,NA,2.38694767467678,1.69505255471449
2082-01-01,NA,6.4020341495052,1.17813746910542
2082-02-01,NA,5.8919895789586,3.4619874204509
2082-03-01,NA,3.67211534176022,5.67320729023777
2082-04-01,NA,3.42924142023548,2.66012319771107
2082-05-01,NA,4.90190366981551,8.19462746148929
2082-06-01,NA,4.42009144462645,5.44956480734982
2082-07-01,NA,1.63671914488077,4.80798821663484
2082-08-01,NA,11.5641176467761,4.91345309419557
2082-09-01,NA,2.65387260296848,5.56319968309253
2082-10-01,NA,2.47426866553724,5.09794575045817
2082-11-01,NA,3.04518424090929,2.64055708539672
2082-12-01,NA,4.56909014610574,2.5691747025121
2083-01-01,NA,3.91454669879749,2.88184580567759
2083-02-01,NA,4.83082727878354,6.57648565247655
2083-03-01,NA,0.995394482742995,2.28829720581416
2083-04-01,NA,5.70608467678539,2.11961294990033
2083-05-01,NA,1.72373052919284,7.29380819248036
2083-06-01,NA,2.08569822425488,4.66323756845668
2083-07-01,NA,1.96074369305279,3.42478167149238
2083-08-01,NA,3.39080164558254,9.73499390529469
2083-09-01,NA,11.5283057559282,4.28060552221723
2083-10-01,NA,2.75553945684806,4.47481055161916
2083-11-01,NA,0.811217798036523,1.2288033234654
2083-12-01,NA,3.12350039603189,0.0546203640396925
2084-01-01,NA,3.15032222424634,1.74039349076338
2084-02-01,NA,2.08600044425111,3.77746046287939
2084-03-01,NA,3.80221609957516,4.13126578205265
2084-04-01,NA,2.45092055993155,11.4950738148764
2084-05-01,NA,5.02068744390272,2.80173432547599
2084-06-01,NA,1.46828045253642,5.08134345291182
2084-07-01,NA,3.44861383200623,6.8867142428644
2084-08-01,NA,2.2290207532933,6.85213669203222
2084-09-01,NA,2.63043695886154,3.40936908032745
2084-10-01,NA,1.12441935780225,2.38796489720698
2084-11-01,NA,4.74656290607527,0.995292171137407
2084-12-01,NA,2.20035118691158,3.15980891464278
2085-01-01,NA,2.16380566998851,1.61985572485719
2085-02-01,NA,4.16672343271784,1.83160122251138
2085-03-01,NA,2.88922567851841,1.84158780175494
2085-04-01,NA,0.973456540668849,7.42593726608902
2085-05-01,NA,7.02241526450962,10.7395703438669
2085-06-01,NA,1.51180802931776,9.74938730942085
2085-07-01,NA,1.14333588571753,5.0070947734639
2085-08-01,NA,2.41172437090427,4.73135619540699
2085-09-01,NA,0.535453956399579,2.26925624592695
2085-10-01,NA,2.20421364647336,1.39539137016982
2085-11-01,NA,2.881343284389,4.36427158419974
2085-12-01,NA,4.99570675310679,1.78863176261075
2086-01-01,NA,3.56861937325448,5.36953010014258
2086-02-01,NA,3.36091376957484,7.58764838101342
2086-03-01,NA,7.12130296742544,2.39202105731238
2086-04-01,NA,2.81796658819076,5.83856028970331
2086-05-01,NA,6.66333799017593,5.8470620540902
2086-06-01,NA,3.04682578425854,9.24503164133057
2086-07-01,NA,2.90076480887365,8.18829231429845
2086-08-01,NA,1.9244128576247,4.31468377355486
2086-09-01,NA,1.38002026942559,2.33599123021122
2086-10-01,NA,5.73228760622442,3.65775635582395
2086-11-01,NA,2.39758124516811,1.55936756345909
2086-12-01,NA,6.64685214869678,3.17412703880109
2087-01-01,NA,10.4204049683176,4.9642403551843
2087-02-01,NA,7.62787585845217,6.4748008036986
2087-03-01,NA,3.02959704422392,3.05956522934139
2087-04-01,NA,4.52062179101631,0.984703391441144
2087-05-01,NA,2.34953549515922,5.30193293234333
2087-06-01,NA,1.10479391732952,3.43432124645915
2087-07-01,NA,3.84462465299293,2.89218658581376
2087-08-01,NA,1.44594729063101,4.00048121809959
2087-09-01,NA,2.29528166237287,7.18078734353185
2087-10-01,NA,1.0087669317727,2.15118495980278
2087-11-01,NA,4.09423385281116,2.43838086607866
2087-12-01,NA,0.121380122618575,3.55988139635883
2088-01-01,NA,2.67527615942527,0.269300127183669
2088-02-01,NA,0.611974216735689,2.50954479561187
2088-03-01,NA,6.23428272083402,0.765521836001426
2088-04-01,NA,6.35393575066701,4.7041776124388
2088-05-01,NA,3.35748358047567,7.25666609359905
2088-06-01,NA,3.47511568106711,5.91057760175318
2088-07-01,NA,2.39711989997886,6.27207043580711
2088-08-01,NA,0.949624969507568,3.19842738099396
2088-09-01,NA,3.09876377577893,3.04605994024314
2088-10-01,NA,5.2156193414703,2.44997272384353
2088-11-01,NA,4.3808110174723,2.36699974047951
2088-12-01,NA,3.3112901262939,4.69798328122124
2089-01-01,NA,0.638774847902823,1.50913311517797
2089-02-01,NA,0.876112430705689,1.50052892131498
2089-03-01,NA,2.23477267718408,0.0672412092853847
2089-04-01,NA,7.66610802384093,1.24384305090643
2089-05-01,NA,3.07814838015474,5.93844313407317
2089-06-01,NA,2.21378048881888,9.14039280032739
2089-07-01,NA,2.67393974354491,3.96350445225835
2089-08-01,NA,0.388155036125681,8.67877352284268
2089-09-01,NA,4.34069968177937,2.52294046513271
2089-10-01,NA,1.84772661596071,6.11994423670694
2089-11-01,NA,5.5613546166569,2.11695811303798
2089-12-01,NA,1.8708242860157,7.39816854475066
2090-01-01,NA,2.93413528706878,2.58584819384851
2090-02-01,NA,3.21579740848392,3.49326695431955
2090-03-01,NA,4.47330102324486,3.72432129224762
2090-04-01,NA,0.822016701567918,4.57910206750967
2090-05-01,NA,3.57594856177457,2.37696105614305
2090-06-01,NA,1.18596776446793,6.91403411328793
2090-07-01,NA,2.48285356792621,6.08475973131135
2090-08-01,NA,2.07083883869927,8.94184227799997
2090-09-01,NA,2.26787181745749,7.15138289378956
2090-10-01,NA,2.48383181460667,3.58976895804517
2090-11-01,NA,2.3738367803162,0.600621302146465
2090-12-01,NA,4.06091358745471,2.38508304173592
2091-01-01,NA,0.914639861730393,1.12989255721914
2091-02-01,NA,8.13365351641551,0.343022583547281
2091-03-01,NA,4.65244361548685,8.60153847606853
2091-04-01,NA,5.51008424372412,2.76953823049553
2091-05-01,NA,4.09208483761176,6.08191795181483
2091-06-01,NA,0.318118724680971,9.47864062618464
2091-07-01,NA,5.06042662309483,7.04679968766868
2091-08-01,NA,6.4136348082684,5.40883268695325
2091-09-01,NA,0.277223746525124,3.41703584999777
2091-10-01,NA,6.39610541984439,0.885235353052849
2091-11-01,NA,4.47112607653253,2.93639541487209
2091-12-01,NA,0.261120856521302,2.60365025606006
2092-01-01,NA,4.50747294235043,0.0599350208631222
2092-02-01,NA,3.80366433528252,3.55781457619742
2092-03-01,NA,1.62175760488026,3.63235557451844
2092-04-01,NA,11.2526157405227,1.43516803218517
2092-05-01,NA,4.34803924290463,12.3404945712537
2092-06-01,NA,0.377314239449333,9.40890340134501
2092-07-01,NA,0.503532647053362,4.37790904543363
2092-08-01,NA,1.21402845106786,3.94698482123204
2092-09-01,NA,2.64183558756486,2.0740265288623
2092-10-01,NA,8.2440277794376,7.06887966371141
2092-11-01,NA,1.2848179845605,10.8288935618475
2092-12-01,NA,4.2800068971701,3.09212538704742
2093-01-01,NA,2.78141478484031,1.65710044966545
2093-02-01,NA,1.02581690152874,1.36126746365335
2093-03-01,NA,10.4161764029413,0.217234914089204
2093-04-01,NA,5.60738100903109,5.77625173609704
2093-05-01,NA,1.7832047684351,5.93778180191293
2093-06-01,NA,4.92782009532675,5.30704725533724
2093-07-01,NA,0.612925353198079,5.98569160792977
2093-08-01,NA,1.2960845589987,3.49132130504586
2093-09-01,NA,5.54468112532049,4.84697192441672
2093-10-01,NA,3.2851536758244,2.17217424069531
2093-11-01,NA,2.00961956579704,2.29034265212249
2093-12-01,NA,1.82393649592996,2.29410641477443
2094-01-01,NA,1.705775942537,2.63476092077326
2094-02-01,NA,5.32309980480932,3.13398945727386
2094-03-01,NA,4.79574367054738,3.67543771862984
2094-04-01,NA,3.2155517663341,8.17955826641992
2094-05-01,NA,2.68882765376475,9.83414563816041
2094-06-01,NA,0.245066735442379,9.08449765993282
2094-07-01,NA,0.424996633955743,5.97618401516229
2094-08-01,NA,2.01222945470363,8.14098034752533
2094-09-01,NA,6.93917259341106,4.96362852863967
2094-10-01,NA,2.40592152695172,4.36652401112951
2094-11-01,NA,2.44367757404689,3.47143898543436
2094-12-01,NA,0.731338129844517,1.22162033367204
2095-01-01,NA,4.76382637862116,3.89439335558563
2095-02-01,NA,3.43063119216822,1.50157478637993
2095-03-01,NA,2.64282239950262,4.30304178153165
2095-04-01,NA,6.32361442549154,1.60976930928882
2095-05-01,NA,4.20718586537987,5.8515137876384
2095-06-01,NA,1.6591634193901,6.38015078147873
2095-07-01,NA,0.520403247355716,4.11958088516258
2095-08-01,NA,2.2353896900313,3.25410061050206
2095-09-01,NA,3.30624306807294,1.35109158436535
2095-10-01,NA,2.48487088247202,2.98662727000192
2095-11-01,NA,4.05801963061094,1.21479932422517
2095-12-01,NA,2.44845172273926,0.9869038767647
2096-01-01,NA,6.20101431850344,2.01937468664255
2096-02-01,NA,7.911872130353,3.5845996288117
2096-03-01,NA,2.21845782652963,4.77436211658642
2096-04-01,NA,5.16163716092706,4.05564430402592
2096-05-01,NA,3.30701897037216,9.95525931939483
2096-06-01,NA,1.20355156977894,6.61905482411385
2096-07-01,NA,0.374827137238753,7.69809148041531
2096-08-01,NA,2.08090568776242,3.13804907491431
2096-09-01,NA,2.72427791787777,2.16710832319222
2096-10-01,NA,1.14237504458288,1.3638331904076
2096-11-01,NA,3.49340918473899,1.66533527662978
2096-12-01,NA,1.3890575588448,4.2638968268875
2097-01-01,NA,0.721241813153028,0.188410794908123
2097-02-01,NA,2.23475916136522,2.23748613498174
2097-03-01,NA,3.70014982181601,1.06484143179841
2097-04-01,NA,3.91369237331674,3.25919041642919
2097-05-01,NA,6.40894041862339,4.40661413013004
2097-06-01,NA,3.51871551247314,8.68957800557837
2097-07-01,NA,0.451971792062977,4.66763398144394
2097-08-01,NA,1.10647541878279,8.18952885456383
2097-09-01,NA,2.99792012956459,5.86271745851263
2097-10-01,NA,2.0774346368853,5.26226871879771
2097-11-01,NA,2.11965860507917,2.6085876947036
2097-12-01,NA,3.00947175419424,2.60270273429342
2098-01-01,NA,5.40296524995938,3.73576667625457
2098-02-01,NA,3.69784301728942,4.906210815534
2098-03-01,NA,7.75255237240344,3.35959739168175
2098-04-01,NA,6.04567072587088,4.17900664033368
2098-05-01,NA,1.53744121198542,4.56484649330378
2098-06-01,NA,5.38861490786076,7.08192887250334
2098-07-01,NA,3.33280306658708,5.76659641228616
2098-08-01,NA,0.0890615257958416,3.18683253717609
2098-09-01,NA,6.70491956407204,1.30960293172393
2098-10-01,NA,4.90631014108658,6.32496899343096
2098-11-01,NA,3.66842583753169,5.54719161009416
2098-12-01,NA,3.19774153176695,0.599070106545696
2099-01-01,NA,4.82453157892451,3.08208973438013
2099-02-01,NA,1.27817004831741,1.89616966817994
2099-03-01,NA,0.775286524003604,0.682857653737301
2099-04-01,NA,5.35133136436343,2.33267899020575
2099-05-01,NA,2.02879536955152,4.2196785681881
2099-06-01,NA,0.0497485774303641,4.87931952229701
2099-07-01,NA,2.6993380888598,2.73086994420737
2099-08-01,NA,0.488640267576557,2.80897416814696
2099-09-01,NA,6.56869582599029,3.10563955572434
2099-10-01,NA,4.58799453335814,5.30324066639878
2099-11-01,NA,1.76817926403601,3.56474551954307
2099-12-01,NA,5.8477996091824,2.02323808916844
2100-01-01,NA,0.0492196838422387,2.48003995948238
2100-02-01,NA,4.25868647871539,0.00082626431776589
2100-03-01,NA,6.63164779543877,4.9891798698809
2100-04-01,NA,8.05020810803398,8.48512295633554
2100-05-01,NA,1.63297659892123,9.63081963127479
2100-06-01,NA,0.277885412651813,4.81009825598449
2100-07-01,NA,1.36841230269056,4.61458140634932
2100-08-01,NA,0.374903738338617,3.43092162511311
2100-09-01,NA,2.96270222752355,2.03189646417741
2100-10-01,NA,8.5593622061424,5.08011162746698
2100-11-01,NA,3.86226153932512,4.30676774703898
2100-12-01,NA,NA,2.56493348570075
